Text,Feeling,Talking,book_id,sentence_id
"‘인도’가 적에게 포위를 당했는데, 적들이 은화 6백 개를 내놓을 때까지 물러나지 않겠다고 말했어요",2,,5001,1
"그래서 주민들이 북을 치며 선포하길, ",2,,5001,2
*누구든 그 돈을 마련하는 사람을 시장으로 삼겠다*,2,1,5001,3
라고 했답니다,0,,5001,4
"때마침 가난한 어부가 자신의 아들과 호수에서 물고기를 잡아 생활하다, 그 적들이 들이 닫쳐 아들을 포로로 잡아가며 대신 은화 6백 개를 아빠에게 주고 갔어요",5,,5001,5
그래서 아빠가 가서 도시의 지도자들에게 그 돈을 건넸지요,5,,5001,6
"결국 적들은 물러가고, 어부는 시장이 되었답니다",5,,5001,7
그리하여 ,5,,5001,8
*누구든 시장님이라고 불러야 한다,2,1,5001,9
 그러지 않으면 교수형에 처하리라*,2,1,5001,10
라는 엄명이  내려진 것도 이때였지요,2,,5001,11
아들은 적지에서 탈출해 큰 산이 하나 솟아 있는 울창한 숲에 도착했어요,5,,5001,12
그때 산이 열리더니 마법에 걸린 웅대한 성 하나가 나타났어요,5,,5001,13
그가 들어가 보니 거기의 의자며 탁자며 긴 의자들이 죄다 검은색이지 뭐예요,22,,5001,14
"그때 얼굴부위만 살짝 희고 온통 까만 드레스를 입은 세 젊은 공주님들이 나오시더니, ",2,,5001,15
"*두려워 말라, 우린 너를 해치지 않을 것이다, 우릴 구해줄 사람은 너다*",2,1,5001,16
라고 말했어요,0,,5001,17
*뭔 소리신지는 모르겠지만 저도 그리되면 기쁠 겁니다요*,5,1,5001,18
라고 그가 말했어요,0,,5001,19
이 말을 들은 그녀들이 그에게 말했어요,0,,5001,20
*넌 1년 동안 우리들에게 말을 걸어서도 안 되며 쳐다봐서도 안 된다,5,1,5001,21
 다만 네게 궁금한 것이 있고 그걸 우리가 답해줄 용의가 있으면 그땐 답해주리라*,5,1,5001,22
 그리하여 그는 거기서 오랫동안 머물게 되었지요,5,,5001,23
그러다 아빠에게 가 보고 싶어 ,5,,5001,24
*가도 되나요*,5,1,5001,25
라고 물었는데 ,0,,5001,26
*가도 된다*,5,1,5001,27
는 허락을 받았어요,5,,5001,28
"그래서 돈이 두둑이 든 지갑과 외투를 입고 가기로 했지요, 단 1주일 후엔 다시 돌아와야 한다는 조건을 달고서 말이죠",5,,5001,29
그가 준비를 마치자마자 즉시 인도에 가 있었어요,5,,5001,30
그런데 어부의 오두막에서 더는 아빠를 찾을 수가 없지 뭐예요,5,,5001,31
 그래서 사람들에게 ,2,,5001,32
*불쌍한 어부를 어디가면 찾을 수 있습니까*,0,1,5001,33
"라고 물어보았지만, 그들은 ",2,,5001,34
"*절대 그리 말하면 안 된다, 그런 소리를 했다간 교수형에 쳐해진단다*",2,1,5001,35
라는 말만 반복했어요,2,,5001,36
마침내 그가 아빠에게 가 말했어요,0,,5001,37
"*어부셨는데, 지금 이게 다 무슨 일이랍니까*",0,1,5001,38
그러자 아빠가 말했어요,2,,5001,39
*그런 말마오,0,1,5001,40
" 도시의 지도자들께서 아셨다간, 당신을 교수형에 처하러 드실 게오*",2,1,5001,41
하지만 아들은 그러지 않았고 결국 교수대로 끌려갔지요,3,,5001,42
거기 도착했을 때 아들이 말했어요,0,,5001,43
"*오, 나랏님들이시어, 죽기 전에 낡은 어부의 오두막에 잠시 다녀오게 해주십시오*",3,1,5001,44
그런 다음 그는 자신의 정든 작업복을 입고서 다시 지도자들 앞으로 돌아와 말했어요,3,,5001,45
*보이십니까? 제가 불쌍한 어부의 아들이 아님 무엇입니까? 제가 이 옷을 입고 아빠 엄마를 위해 밥벌이를 하지 않았던가요*,3,1,5001,46
그제야 그의 아빠 또한 그를 다시 알아보곤 대신 용서를 구하고 아들을 데리고 집으로 갔어요,5,,5001,47
" 그런 다음 아들은 그동안의 일과 자신이 높은 산위에 있는 숲에 들어간 일이며 도착해보니 산이 열린 일이며 그래서 마법에 걸린 그 성안으로 들어간 일이며 거긴 모두 검었는데, 얼굴부위만 살짝 희고 온통 까만 세 젊은 공주님들이 나온 일이며, 그녀들이 ",5,,5001,48
*겁먹지 말라,5,1,5001,49
 네가 우릴 구할 수 있다*,5,1,5001,50
는 얘기를 한 일 등등을 죄다 알려주었지요,5,,5001,51
그러자 그의 엄마가 ,0,,5001,52
*그건 아무래도 좋은 일이 아닐 게다,5,1,5001,53
 돌아갈 때 신성한 물을 담은 물병을 가지고 가 그녀들의 얼굴에 몇 방울 떨어뜨려 보거라*,5,1,5001,54
라고 말했어요,0,,5001,55
그는 다시 돌아와 조마조마해하면서도 자고 있는 그녀들의 얼굴에 물을 떨어뜨렸지요,5,,5001,56
 그랬더니 그녀들의 몸이 반쯤 새하얘졌어요,5,,5001,57
그때 세 공주 모두 벌떡 일어나더니 말했어요,5,,5001,58
"*이 저주받은 개 같으니라고, 우리 가문이 네게 복수하리니! ",3,1,5001,59
이제 세상의 어떤 남자도  우릴 구원하도록 다시는 운명 지워지지 못하리라!,3,1,5001,60
" 몸을 일곱 개의 쇠사슬로 묶은, 우리 세 오빠들이 와서 너를 갈가리 찢어죽일 것이다*",3,1,5001,61
"그런 다음 온 성이 흔들릴 정도의 큰 울부짖음이 들려, 남자는 황급히 창문 밖으로 뛰어내리다 다리가 그만 부러지고 말았어요",3,,5001,62
"그 사이 성은 다시 땅속을 가라앉았고요, 산도 다시 닫히는 바람에, 이 세상 누구도 그 성의 존재를 모른답니다",3,,5001,63
 크노이스트와 세 아들‘웨렐’과 ‘소이스트’ 사이에 ‘크노이스트’라는 이름을 가진 남자가 살고 있었죠,5,,5002,1
 그에겐 세 아들이 있었답니다,5,,5002,2
"아들 중 한 명은 눈이 멀었고, 다른 한 명은 다리를 절룩거렸고, 세 번째 아들은 홀랑 벗고 다녔죠",5,,5002,3
한 번은 그들이 들판으로 갔더니 산토끼 한 마리가 보이지 뭐예요,2,,5002,4
"눈이 먼 아들이 총을 쏘고, 다리를 저는 아들이 그걸 잡고, 홀랑 벗고 다니는 아들이 자신의 호주머니 속에 산토끼를 쏙 집어넣었지요",2,,5002,5
그런 다음 그들은 어마무시하게 큰 호수에 다다랐어요,5,,5002,6
그 호수 위에 보트 세 개가 있었어요,5,,5002,7
"보트들 중 하나는 ‘돛’을 위로 올린 상태였고, 또 하나는 가라앉은 상태였고, 세 번째 보트는 보트바닥이 전혀 없었지요",5,,5002,8
그들 세 명은 보트바닥이 전혀 없던 그 배에 올라탔답니다,5,,5002,9
그런 다음 그들은 어마무시하게 큰 나무 한 그루가 있는 어마무시하게 큰 어느 숲에 도착했어요,5,,5002,10
"그 나무 안에는 어마무시하게 큰 ‘교회’가 하나 있었고, 그 교회 안에는 ‘너도밤나무 목재’로 만들어진 ‘집사님’ 한 분과, ‘회양 목재’으로 만들어진 목사님 한 분이 ‘성수’를 ‘곤봉’들에 묻혀 뿌리시고 계셨어요",5,,5002,11
*이 ‘성수’에서 달아나는 자 진정 복 있으라*,5,1,5002,12
"‘브라켈’ 출신 아가씨 한 명이, 힌네베르그 끝자락에 있는 ‘세인트 안 예배당’에 들렀지요",5,,5003,1
"그녀는 남편을 무척이나 얻길 원했는데요, 예배당에 자기 외엔 아무도 없다고 생각하고서 이렇게 노래를 불렀지요",5,,5003,2
"*오, 성스러운 세인트 엔이시어! 제가 빨리 남자를 구하게 해주세요",5,1,5003,3
 당신은 그를 잘 알지,5,1,5003,4
" 슈트메르 문 옆에 사는 그, 머릿결이 황금빛인 그 당신은 그를 잘 알지요*",5,1,5003,5
하지만 ‘성찬대’ 뒤에 서 있다 이 소리를 듣게 된 교회 집사님이 몹시 퉁명스런 말투로 이렇게 소리 지르셨지요,2,,5003,6
*그 놈은 안 돼! 그 놈은 안 된다고*,2,1,5003,7
"처녀는 그게 엄마 ‘앤’ 옆에 서 있던 어린이 ‘메리’가 자신에게 소리친 줄 알고, 발끈해선 이렇게 고함질렀어요",3,,5003,8
"*엉터리, 시답잖은 것아, 입 다물지 못해, 네 엄마가 말씀 좀 하시게*",3,1,5003,9
 어린 양과 작은 물고기옛날에 서로 진심으로 사랑하는 어린 오빠와 어린 여동생이 살고 있었어요,5,,5004,1
"하지만 친엄마가 돌아가시는 바람에 그들은, 자신들을 전혀 좋아라하지 않고 몰래 해칠 생각만 하는 새엄마를 맞이해야했지요",4,,5004,2
그러다 한번은 두 어린아이가 다른 아이들과 함께 집 앞 풀밭에서 놀고 있었어요,5,,5004,3
 거기 풀밭엔 집 한쪽과 맞닿아 있는 연못이 하나 있었어요,5,,5004,4
아이들은 서로서로 손을 맞잡고서 그 연못을 돌면서 술래잡기를 했답니다,5,,5004,5
"*에네케 베네케, 나를 살려주렴, 그럼 내가 새를 잡아다줄게",5,1,5004,6
" 그 새가 지푸라기를 물어다주면, 지푸라기를 젖소에게 먹일게",5,1,5004,7
" 예쁜 젖소가 우유를 주면, 내가 그 우유를 빵 굽는 사람에게 줄 거고",5,1,5004,8
 빵 굽는 사람이 케이크를 만들어줄 거야,5,1,5004,9
 내가 그 케이크를 고양이에게 줄게,5,1,5004,10
" 고양이가 그 대가로 생쥐를 잡아다줄 거고, 내가 그 생쥐를 연기 위에  매달면, 그럼 넌 ‘눈’을 보게 될 거야*",5,1,5004,11
"그들은 이 놀이를 하며 원을 그리고 서 있다, ‘눈’이라는 단어를 말할 차례가 된 아이가 냅다 도망치면, 나머지 모든 아이들이 그 아이를 뒤쫓아 가 잡는 놀이었어요",5,,5004,12
그들이 한참 흥겹게 놀고 있는 꼴을 창문을 통해 지켜보던 새엄마는 부아가 치밀었지요,2,,5004,13
"게다가 그녀는 마법을 거는 주술도 좀 이해하고 있었던지라 단번에 두 아이에게 주술을 걸어 어린 오빠는 물고기로, 그리고 어린 여동생은 어린 양으로 변하게 했지요",2,,5004,14
"그때부터 그 물고기는 연못을 이리저리 헤엄쳐 다니며 아주 슬퍼했고, 어린 양은 풀밭을 위아래로 걸어 다니며 불행해져서는 풀 한포기도 먹을 수 없었거니와 설사 먹을 수 있다 해도 입도 대지 않으려 했지요",4,,5004,15
"그렇게 시간은 흐르고 흘러, 손님들이 그 성에 도착하게 되었답니다",4,,5004,16
부정한 새엄마는 생각했어요,2,,5004,17
*이거 참 좋은 기회잖아*,2,1,5004,18
그녀가 요리사를 불러 말했어요,0,,5004,19
"*풀밭으로 가서 새끼 양을 잡아 와 죽이거라, 손님들에게 그만한 게 없을 게다*",2,1,5004,20
그래서 요리사가 나가서 어린 양을 잡아 부엌으로 데려와 다리를 꽁꽁 묶었어요,2,,5004,21
 어린 양은 이 모든 걸 감내하며 참았지요,2,,5004,22
요리사가 자신의 식칼을 꺼내 어린 양을 죽이기 위해 계단에다 대고 갈았어요,2,,5004,23
 그런데 작은 물고기 하나가 물에서 앞뒤로 헤엄을 쳐 부엌 싱크대 앞까지 올라와 요리사를 빤히 올려다보는 게 아니겠어요,2,,5004,24
하지만 이건 오빠였어요,4,,5004,25
 오빠는 어린 양이 요리사에게 잡혀가는 것을 보고서 연못에서 집까지 헤엄쳐 따라왔던 거예요,4,,5004,26
그러자 어린 양이 내려다보며 소리쳤어요,4,,5004,27
"*아, 오빠, 연못은 너무 깊지, 아 불쌍한 우리 오누이! 요리사가 내 목숨을 끊으려고 식칼을 갈고 있어*",4,1,5004,28
작은 물고기가 대답했어요,4,,5004,29
"*아, 불쌍한 내 여동생, 여기서 올려다보는데도 내 애간장이 무너지는구나*",4,1,5004,30
어린 양이 말을 할 수 있고 그리고 아래쪽에 있는 물고기 또한 슬픈 소리를 하는 걸 들은 요리사는 덜컥 겁이나 이건 분명 예사 양이 아니고 집에 있는 사악한 여자에 의해 마법에 걸린 게 분명하다고 생각했어요,4,,5004,31
그때 요리사가 말했어요,0,,5004,32
"*안심하거라, 내 너를 죽이지 않으마*",5,1,5004,33
그는 다른 양을 데려와 손님들을 위한 음식을 만들었어요,5,,5004,34
 그리곤 그 어린 양을 착한 시골 여자에게 데려가 요리사 자신이 보고 들은 걸 전부 말해주었지요,5,,5004,35
하지만 그 농부는 사실 어린 여동생의 유모였던 여인이었어요,5,,5004,36
 그녀는 어린 양이 누군지 단번에 알아차리고는 여자 마법사에게 데려갔어요,1,,5004,37
"여자 마법사가 어린 양과 작은 물고기를 향해 축복 기도를 해주자, 그 힘으로 아이들이 다시 인간의 모습으로 돌아올 수 있었어요",1,,5004,38
그 이후 여자 마법사는 그들 둘을 울창한 숲 속에 있는 작은 오두막으로 데려갔어요,1,,5004,39
거기서 그들은 혼자 힘으로 살아나가며 행복하게 만족하며 잘 살았답니다,1,,5004,40
옛날에 두 형제가 살고 있었어요,5,,5005,1
" 한 명은 부자인데, 다른 한 명은 가난했죠",5,,5005,2
하지만 부자인 쪽은 가난한 동생에게 일원 한 푼도 주지 않았어요,5,,5005,3
 그래서 동생은 곡식을 파는 일을 하며 근근이 살아가고 있었죠,5,,5005,4
 그래도 종종 자신의 아내와 아이들에게 빵도 주지 못할 만큼 생활이 빈곤해지곤 했지요,5,,5005,5
그러다 한 번은 동생이 손수레를 끌고 숲을 지나가는데 길 한쪽 편으로 크고 벌거벗은 ‘민둥산’이 보이지 뭐예요,5,,5005,6
 생전 처음 보는 그런 민둥산이여서 동생이 놀라워하며 선 채 보고 있었더랬죠,5,,5005,7
그러고 있는데 저쪽에서 12명의 덩치 크고 울그락불그락한 사내들이 걸어오고 있는 게 아니겠어요,2,,5005,8
그래서 그들이 산적일 거라 생각한 동생이 손수레를 수풀 속에 쑤셔 넣고 냅따 나루 위로 기어 올라가 무슨 일이 벌어지나 지켜보았더랬죠,2,,5005,9
하지만 12명의 사내들은 민둥산으로 가더니 외쳤어요,2,,5005,10
"*젬지 산아, 젬지 산아, 열리거라*",2,1,5005,11
 그 즉시 민둥산 한가운데가 열리더니 열두 사내가 안으로 들어갔어요,2,,5005,12
 그들이 들어가자마자 산이 다시 닫혔지요,2,,5005,13
"하지만 잠시 후 산이 다시 열리더니, 사내들이 어깨 위로 무거운 보따리들을 한 가득 이고 나왔어요",2,,5005,14
그들은 다시 햇빛 속으로 나오자 말했어요,2,,5005,15
"*젬지 산아, 젬지 산아, 닫히거라*",2,1,5005,16
"그러자 산이 다시 닫히며, 더는 입구가 보이지 않았고, 열두 사내들도 어디론가 가버렸답니다",2,,5005,17
"그들이 완전히 사라진 후, 가난한 남자가 나무에서 내려왔는데, 그 산에 진실로 뭐가 숨겨져 있을지 호기심이 마구 생기는 거예요",5,,5005,18
그래서 그가 민둥산으로 가 말했어요,5,,5005,19
"*젬지 산아, 젬지 산아, 열리거라*",5,1,5005,20
산이 그에게도 열렸어요,5,,5005,21
"그가 안으로 들어가 보니, 온 산이 은과 금으로 가득한 동굴이었어요",5,,5005,22
 뒤쪽으로는 진주와 반짝이는 보석들이 마치 옥수수처럼 수북이 쌓여 있었고요,5,,5005,23
가난한 남자는 어찌해야할지를 몰라 보물엔 하나도 손을 안 대려했지만 결국엔 호주머니에 금화를 가득 채우긴 했어요,5,,5005,24
 다만 그래도 진주와 보석이 있는 쪽에는 손도 대지 않았지요,5,,5005,25
다시 밖으로 나온 그가 말했어요,5,,5005,26
"*젬지 산아, 젬지 산아, 닫히거라*",5,1,5005,27
"산이 스르르 닫히자, 그는 자신의 손수레를 끌고 집으로 왔어요",5,,5005,28
이제 더는 걱정거리가 없어졌어요,1,,5005,29
" 아내와 아이들에게도 빵을 사줄 수 있었을뿐더러, 포도주 장사에도 손을 댈 수 있었거든요",1,,5005,30
"그는 즐겁고 정직하게 살아갔고, 가난한 사람들도 도와주며, 만나는 모든 이들에게 선을 베풀었어요",1,,5005,31
"하지만 돈이 다시 떨어지자, 그는 형에게 가서 양을 헤아릴 수 있는 ‘나무그릇’를 하나 빌려와 이번엔 좀 더 금화를 담아왔어요",5,,5005,32
 다만 이번에도 값나가는 귀중품들엔 손도 대지 않았더랬죠,5,,5005,33
그가 세 번째로 금화를 담아오려고 나무그릇을 다시 빌리려 형에게 갔어요,5,,5005,34
하지만 부자 형은 동생의 재산에 질투심이 나기 시작한지 오래였죠,5,,5005,35
 게다가 동생이 시작하는 장사마다 잘 되니 도대체 그 장상밑천이 어디서 나는 건지 도통 이해할 수가 없었죠,5,,5005,36
"그러던 찰나 동생이 또 나무그릇을 빌리려오자, 교활한 속임수가 하나 떠오른 형이 그 나무그릇 밑에 ‘역청’을 발라놓았죠",2,,5005,37
 그리고 그 나무그릇을 다시 돌려받았을 때 보니 밑에 금화가 하나 딱 달라붙어있지 뭐예요,2,,5005,38
그가 냉큼 동생에게 달려가 물었지요,2,,5005,39
*너 이 나무그릇으로 뭘 잰 거야*,2,1,5005,40
*옥수수랑 보리요*,2,1,5005,41
라며 상대방이 말했어요,0,,5005,42
그러자 형이 금화 한 닢을 보여주며 당장 바른 대로 말하지 않으면 재판소에 고소해버리겠다고 협박했어요,2,,5005,43
불쌍한 남자는 그제야 모든 걸 형에게 얘기했죠,2,,5005,44
 그동안 있었던 일들을 모두 말이예요,2,,5005,45
하지만 부자 형은 냉큼 자신의 마차를 준비시키더니 몰고 갔어요,2,,5005,46
 이번에야말로 동생보다 한 몫 단단히 챙겨 와 확연한 부의 차이를 만들 참이었지요,2,,5005,47
그 산에 도착한 형이 소리 질렀어요,2,,5005,48
"*젬지 산아, 젬지 산아, 열리거라*",2,1,5005,49
산이 열리자 그가 들어갔지요,2,,5005,50
눈앞에 수북이 놓여있는 보물들에 입이 딱 벌어진 그 또한 뭘 먼저 집을지 몰랐답니다,2,,5005,51
마침내 그가 보석들을 까짓것 담았어요,2,,5005,52
"그가 다시 밖으로 나가려는데, 그만 보물에만 온통 마음과 영혼이 팔리다 보니 이 산의 이름을 까먹고 말았지 뭐예요",2,,5005,53
그래서 그가 외쳤지요,0,,5005,54
"*지멜리 산아, 지멜리 산아, 열리거라*",2,1,5005,55
하지만 그건 올바른 이름이 아니었어요,2,,5005,56
 그래서 산이 꿈쩍도 하지 않고 계속 닫힌 상태로 있었죠,2,,5005,57
"그 바람에 더 놀란 그의 생각이 혼돈에 혼돈을 거듭하며 더 꼬여만 갔고, 이젠 보물이고 뭐고 그에겐 전혀 중요하지 않았지요",2,,5005,58
저녁이 되어 산이 열리더니 열두 산적들이 들어왔어요,3,,5005,59
그들은 그를 보자마자 비웃으며 고함을 질렀어요,3,,5005,60
"*이 놈, 기어이 걸렸구나! 네가 여길 두 번이나 훔쳐간 걸 우리가 몰랐는줄 아느냐? 그동안 너를 잡을 수 없었다만, 세 번째는 그냥 나가지 못한다*",3,1,5005,61
그때 그가 소리쳤어요,0,,5005,62
"*아닙니다, 제가 아니에요, 그건 제 동생이라고요*",3,1,5005,63
"하지만 그가 싹싹 빌며 살려 달라 말하고 죄다 말하려는데, 그만 그들이 그의 머리를 댕강 자르고 말았답니다",3,,5005,64
 여행옛날에 아들 하나를 둔 가난한 여인이 살고 있었어요,5,,5006,1
아들은 여행을 떠나길 무척이나 원했어요,5,,5006,2
하지만 엄마는 말했어요,0,,5006,3
*네가 어떻게 여행을 가겠다는 거니? 네가 가지고 갈 돈 한 푼 없는데*,5,1,5006,4
그러자 아들이 말했어요,5,,5006,5
*제가 한 번 그럭저럭 해나가 볼게요,5,1,5006,6
" 항상 이렇게 말할 거거든요, 많지 않네요, 많지 않아요, 많지 않다고요*",5,1,5006,7
그리하여 그는 오랫동안 걸으며 항상 이렇게 말했지요,5,,5006,8
"*많지 않네요, 많지 않아요, 많지 않다고요*",5,1,5006,9
때마침 그가 어부들이 모여 있는 곳을 지나가게 되어 이렇게 말했어요,5,,5006,10
"*건승을 빕니다! 많지 않네요, 많지 않아요, 많지 않다고요*",5,1,5006,11
"*저 촌뜨기가 지금 뭐라는 거야, 뭐 ‘많지 않다’고*",2,1,5006,12
그리고 그물이 끌어올려졌을 때 그들이 잡은 물고기가 정말로 많지 않았어요,2,,5006,13
그래서 그들 중 한 명이 확 그냥 몽둥이를 집어 들곤 이 젊은이에게 달려들며 말했어요,2,,5006,14
*비오는 날 먼지 나도록 맞아본 적 없지*,2,1,5006,15
"*그럼, 제가 뭐라고 말해야하는데요*",2,1,5006,16
라며 젊은이가 말했지요,0,,5006,17
"*이렇게 말해야지, ‘많이 잡으세요, 가득 잡으세요’라고*",2,1,5006,18
이후 그는 오랫동안 다시 걸으며 말했지요,5,,5006,19
"*많이 잡으세요, 가득 잡으세요*",5,1,5006,20
"그러다 그가 교수대에 도착해보니, 어느 불쌍한 죄수가 이제 막 목이 매달리려고 하고 있었어요",5,,5006,21
그러자 그가 말했어요,5,,5006,22
*안녕하세요,5,1,5006,23
" 많이 잡으세요, 가득 잡으세요*",5,1,5006,24
"*무슨 악당 같은 소릴 하는 거야, 많이 잡으라니? 이 세상에 사악한 인간들이 더 많다는 걸 굳이 말해야겠다는 거냐*",2,1,5006,25
그래서 사람들이 그의 등짝을 몇 대 후려갈겼지요,2,,5006,26
"*그럼, 제가 뭐라 말해야 하는데요*",2,1,5006,27
라고 그가 말했어요,0,,5006,28
"*이렇게 말해야해, 불쌍한 영혼에게 신의 자비가 있기를*",2,1,5006,29
젊은이가 다시 오랫동안 걸으며 말했어요,5,,5006,30
*불쌍한 영혼에게 신의 자비가 있기를*,5,1,5006,31
때마침 그가 땅 구덩이를 지나가는데 그 옆에서 가축 도살업자가 말을 싹둑싹둑 자르고 있었어요,5,,5006,32
젊은이가 말했지요,0,,5006,33
"*안녕하세요, 불쌍한 영혼에게 신의 자비가 있기를*",5,1,5006,34
"*뭐야 이놈아, 너 성질 더러운 악당이냐*",2,1,5006,35
그 가축 도살업자가 그의 귀방망이를 한 방 세게 때렸어요,2,,5006,36
 그 바람 그가 앞을 볼 수 없었지요,2,,5006,37
"*그럼, 제가 뭐라 말해야하는데요*",2,1,5006,38
"*이렇게 말해야지, ‘썩은 고기는 시궁창에!*",2,1,5006,39
그래서 그가 다시 걸으며 항상 이렇게 말했어요,5,,5006,40
"*썩은 고기는 시궁창에, 썩은 고기는 시궁창에*",5,1,5006,41
때마침 사람들을 가득 태운 마차가 지나가기에 그가 이렇게 말했지요,5,,5006,42
"*안녕들 하세요, 썩은 고기는 시궁창에*",5,1,5006,43
그때 마차가 정말로 구덩이에 빠졌어요,2,,5006,44
 그러자 마부가 채찍을 들어 젊은이가 벌벌 기어 엄마에게 간신히 돌아갔을 정도로 후려갈겼어요,2,,5006,45
이후 젊은이는 살면서 두 번 다시는 여행이란 걸 하지 않았답니다,2,,5006,46
옛날 옛적에 왕과 왕비님이 살고 계셨어요,5,,5007,1
그들은 부자였죠,5,,5007,2
 다만 그들에게도 부족한 게 딱 하나 있었는데 바로 자식이 없다는 거예요,4,,5007,3
왕비는 밤낮으로 슬픔에 잠겨 말했어요,4,,5007,4
*난 아무 것도 자라지 않는 어느 들판과 같아*,4,1,5007,5
마침내 신께서 그녀의 소망을 들어주셔서 그녀가 아이를 출산하게 되었지요,5,,5007,6
그런데 그녀가 낳은 건 인간의 아이가 아니라 어린 당나귀였어요,2,,5007,7
엄마가 그걸 보시곤 비탄에 잠겨 통곡을 하시며 ,2,,5007,8
*당나귀를 키우느니 차라리 애가 없는 게 나아*,2,1,5007,9
라고 말하더니 정말로 물고기들에게 잡아먹히게 강물에 던져버리려 했어요,2,,5007,10
하지만 왕이 말했죠,0,,5007,11
"*아니오, 신이 보낸 내 아들이자 상속자요",2,1,5007,12
 내가 죽은 후 왕좌에 올라 왕관을 쓰게 될 내 아들이란 말이오*,2,1,5007,13
그리하여 그 당나귀는 키워지게 되었고 무럭무럭 자랐지요,5,,5007,14
 그의 두 귀로 참 아름답게도 높게 곧게 쭉쭉 자랐답니다,5,,5007,15
" 게다가 그는 성향이 명량해 이리저리 뛰어다니며 잘도 놀았는데, 특히나 음악을 좋아라했어요",5,,5007,16
 결국 그가 유명한 연주가를 찾아가 말했지요,5,,5007,17
"*당신의 기술을 제게도 가르쳐주십시오, 저도 당신만큼이나 ‘류트’를 잘 연주하고 싶습니다*",5,1,5007,18
"*아아, 어린 군주시여*",5,1,5007,19
라며 그 연주가가 대답했어요,0,,5007,20
*이건 당신에게 거친 악기입니다,5,1,5007,21
 당신의 손가락들은 이 악기에 적합지 않습니다,5,1,5007,22
 너무도 당황스럽게 크시거든요,5,1,5007,23
 결국 악기의 줄들이 끊어질까 걱정입니다*,5,1,5007,24
그래도 소용없었죠,5,,5007,25
당나귀 왕자는 어쨌건 류트를 연주해야겠다고 결심했거든요,5,,5007,26
"그는 꾸준히 참 열심히도 배웠어요, 그래서 결국은 스승만큼 류트를 연주하게 되었지요",5,,5007,27
어린 군주가 한번은 상념에 잠겨 걷다 그만 샘에 도착했는데 우연히도 그 안에 비친 자신의 얼굴을 들여다보고 말았지요…,4,,5007,28
물이 어찌나 맑은지 당나귀의 모습이 그대로 비춰졌거든요,4,,5007,29
그의 상심은 이만저만이 아니었어요,4,,5007,30
 그래서 그는 충직한 말동무 하나만 데리고 드넓은 세상으로 나갔어요,5,,5007,31
그들은 이리저리 여행을 다니다 결국 나이 든 왕이 다스리는 왕국에 도착하게 되었지요,5,,5007,32
 그 왕에겐 기똥차게 아름다운 딸이 한 분 계셨답니다,5,,5007,33
당나귀 왕자가 말했어요,0,,5007,34
*여기 머물자꾸나*,5,1,5007,35
그래서 성문을 두드리며 소리쳤죠,5,,5007,36
*들어가게 문을 열거라*,5,1,5007,37
하지만 성문이 열릴 리가 없었죠,5,,5007,38
 그래서 그는 앉아 ‘류트’를 꺼낸 다음 두 앞발로 기가 막힌 연주를 뽑아냈죠,5,,5007,39
그러자 문지기의 두 눈이 휘둥그레져선 황급히 왕에게 가 알렸어요,5,,5007,40
*성문밖에 웬 젊은 당나귀가 류트를 연주하는데 정말이지 뛰어난 연주가만큼이나 기똥찹니다요*,5,1,5007,41
"*그래, 그럼 그 연주가를 데려오거라*",5,1,5007,42
라며 왕이 말했지요,0,,5007,43
하지만 들어온 것이 영락없는 그냥 당나귀였기에 모든 사람들이 그 류트 연주가를 비웃기 시작했지요,5,,5007,44
그런 다음 그 당나귀는 하인들과 함께 자리에 앉아 식사를 하란 얘길 들었지요,5,,5007,45
하지만 그는 꺼려하며 말했어요,5,,5007,46
"*저는 그저 그런 마구간의 당나귀가 아니라, 고귀한 당나귀입니다*",5,1,5007,47
그러자 사람들이 말했어요,0,,5007,48
"*네가 정 아니꼽다면, 그럼 병사들과 같이 앉아 식사를 하거라*",5,1,5007,49
*아니라니까요*,5,1,5007,50
라며 그가 말했어요,0,,5007,51
*저는 왕 옆에 앉겠습니다*,5,1,5007,52
왕이 미소를 보내며 쾌활한 어조로 말했어요,5,,5007,53
"*그래, 네 뜻대로 하거라, 어린 당나귀, 내 옆으로 오거라*",5,1,5007,54
그런 다음 왕이 물었어요,0,,5007,55
"*어린 당나귀야, 내 딸아이가 무척 마음에 들지*",5,1,5007,56
당나귀가 그녀 쪽으로 고개를 돌려 쳐다보더니 고개를 끄떡이며 말했어요,5,,5007,57
*그녀가 터무니없을 정도로 마음에 듭니다,5,1,5007,58
 생전 저렇게 아름다운 여인을 본 적이 없습니다*,5,1,5007,59
"*그래, 그럼, 저 애 옆에 앉거라*",5,1,5007,60
라며 왕이 말했어요,0,,5007,61
*제가 바라던 바입니다*,5,1,5007,62
라며 당나귀가 말했어요,0,,5007,63
"그리하여 그는 그녀 옆에 자리를 잡고 앉아 먹고 마시게 되었는데, 그 행동이 어찌나 품위 있고 청결하든지요",5,,5007,64
어쨌건 그 고귀한 짐승이 한동안 왕의 궁궐에서 머물고 났을 때였어요,5,,5007,65
 그가 생각했죠,0,,5007,66
"‘이게 다 내게 무슨 소용인가, 그냥 집으로 돌아가는 게 낫지 않을까?’ ",4,,5007,67
그가 슬픈 듯 고개를 늘어뜨리며 왕께 나아가 자신을 추방시켜 달라 청했어요,4,,5007,68
하지만 왕은 이미 그가 무척이나 마음에 들던 차라 이렇게 말했지요,5,,5007,69
"*어린 당나귀야, 뭐가 고민이니? 네 얼굴이 마치 식초 한 병을 다 마신 듯 쓰라려 보이는구나",5,1,5007,70
 네가 바라는 건 뭐든 주겠노라,5,1,5007,71
 그래 금을 줄까*,5,1,5007,72
*아니오*,5,1,5007,73
라며 당나귀가 말하며 고개를 흔들었어요,5,,5007,74
*그럼 보석이나 값진 드레스를 줄까*,5,1,5007,75
*아닙니다*,5,1,5007,76
*그럼 내 왕국의 절반을 줄까*,5,1,5007,77
"*정말로, 그게 아닙니다*",5,1,5007,78
그러자 왕이 말했어요,0,,5007,79
*그럼 네 마음에 들 만한 걸 내게 알려다오,5,1,5007,80
 내 예쁜 딸아이를 아내로 줄까*,5,1,5007,81
"*아아, 네*",5,1,5007,82
라며 당나귀가 말했어요,0,,5007,83
*전 정말로 그녀가 좋습니다*,0,1,5007,84
불시에 그의 얼굴이 아주 명량해지고 행복해져보였어요,1,,5007,85
" 왜긴요, 그가 정말로 오매불망 바랐던 게 그녀였으니까 그렇죠",1,,5007,86
 그리하여 성대하고 화려한 결혼식이 거행되었답니다,1,,5007,87
"저녁이 되자, 새색시와 신랑은 침실로 안내받았지요",5,,5007,88
 그리고 왕은 당나귀가 어찌 처신하는지 알고 싶어 하인을 몰래 그 방에 잠복하게 시켰답니다,5,,5007,89
"그들 둘 다 들어서자, 신랑이 방문의 빗장을 단단히 걸며 주변을 둘러보며 아무도 없는 걸 확인하곤 별안간 자신의 당나귀 가죽을 벗고 당당하고 젊은 왕자님의 형상을 하고서 거기 서 있었지요",2,,5007,90
*자*,2,1,5007,91
라며 그가 말했어요,0,,5007,92
"*내가 누군지 보시구려, 내가 당신에게 보잘 것 없다 사려치 마시구려*",2,1,5007,93
그러자 신부는 너무너무 기뻐 그에게 키스를 하고 진실로 사랑했어요,1,,5007,94
아침이 되자 그가 벌떡 일어나더니 자신의 동물 가죽을 다시 입었어요,5,,5007,95
그리되니 누구도 그 가죽 안에 누가 숨어 있는지 알 수 없었답니다,5,,5007,96
곧 나이 드신 왕이 들어오셨어요,5,,5007,97
*아아*,5,1,5007,98
라며 그가 말했어요,0,,5007,99
*어린 당나귀야 즐겁니*,5,1,5007,100
 그리곤 딸애를 바라보며 말했지요,5,,5007,101
*그래 넌 남편으로 합당한 남자를 얻지 못한 게 못내 아쉬워 슬픈 거구나*,5,1,5007,102
"*오오, 아니에요, 사랑하는 아빠, 저는 그 이가 이 세상에서 가장 잘생긴 남자인 마냥 사랑하는 걸요, 제 숨이 다하는 날까지 그 이와 살래요*",5,1,5007,103
왕은 놀랐어요,5,,5007,104
하지만 숨어 있게 했던 하인이 와 모든 걸 보고했죠,5,,5007,105
왕이 말했어요,0,,5007,106
*그럴 리가*,5,1,5007,107
*그러시다면 오늘 밤에 직접 보시옵소서,5,1,5007,108
"그리고 여쭙자면, 왕이시어, 만약 그가 가죽을 벗거든 집어다 불에 던져 넣어 그가 이제부터라도 본래 모습을 내보일 수밖에 없게 하소서*",5,1,5007,109
*그 제안이 괜찮군*,5,1,5007,110
라며 왕이 말했어요,0,,5007,111
그리고 그들이 잠이 든 밤에 왕은 몰래 들어왔지요,2,,5007,112
 왕이 침대에 도착해보니 정말로 가죽이 벗겨져 있고 달빛을 받아 어김없이 왕자님으로 보이는 젊은이가 거기 누워 있었지요,2,,5007,113
 바닥에 가죽이 늘 부러진 채 말이죠,2,,5007,114
"그래서 왕이 그걸 집어 나와, 밖에 큰 불을 피우게 하곤, 그 가죽을 불에 던져버리곤 완전히 타 재가 될 때까지 몸소 자리를 지켰어요",2,,5007,115
"하지만 자신의 가죽을 빼앗긴 사내가 어찌 처신할지 내심 걱정이 되어, 밤새 지키느라 깨어있었답니다",2,,5007,116
잠이 들었던 젊은이는 아침 첫 빛줄기에 일어나 자신의 당나귀 가죽을 다시 입으러 보았지만 그 어디에도 가죽이 보이지 않았어요,2,,5007,117
이에 깜짝 놀란 그가 비탄과 근심에 겨워 말했어요,2,,5007,118
*이제 여기서 탈출하는 방법을 강구해야겠구나*,2,1,5007,119
"하지만 그가 밖에 나왔을 땐, 왕이 이미 거기 서 있다 말했어요",5,,5007,120
"*내 아들아, 어딜 그리 바삐 가르느냐? 무슨 상념이더냐? 여기서 머물거라, 이제 네가 이토록 잘생긴 사내인줄을 알았으니 다신 너를 보내지 않으련다",5,1,5007,121
" 내 너에게 내 왕국의 절반을 주겠다, 그리고 내가 죽고 나면 왕국 전체를 물려주겠노라*",5,1,5007,122
*시작이 이리 좋듯 끝도 좋으리라 바래마지 않습니다,5,1,5007,123
 당신과 함께 머물겠습니다*,5,1,5007,124
라며 젊은이가 말했어요,0,,5007,125
그래서 나이 든 왕은 사위에게 왕국의 절반을 주었답니다,1,,5007,126
" 그리고 1년 후 왕이 돌아가시자, 젊은이가 왕국 전체를 물려받게 되었죠",1,,5007,127
"그리고 그의 친아빠까지 돌아가신 후에는 또 다른 왕국도 마찬가지로 물려받았고요, 그리하여 그는 참말로 웅장하고 씩씩하게 잘도 살았답니다",1,,5007,128
"한 남자와 그의 아내가 한번은 현관문 옆에 앉아 있다가, 앞에 구운 통닭을 놓고 막 먹으려던 참이었어요",5,,5008,1
그때 나이 든 아버지가 오시는 게 보였어요,5,,5008,2
 그러자 서둘러 통닭을 쥐더니 감춰버렸어요,2,,5008,3
 왜냐면 남자는 아버지에게 조금도 나눠주기 싫었기 때문이지요,2,,5008,4
노인은 와서 물 한 모금만 마시고는 떠났어요,2,,5008,5
"그제야 아들은 구운 통닭을 식탁 위에 다시 꺼내 먹으려고 막 손으로 집어 들자마자, 그게 커다란 두꺼비로 변해 펄쩍하고 그의 얼굴에 뛰어들어 내려앉더니 결코 다시는 떨어지지 않았어요",3,,5008,6
"게다가 누구든 그의 얼굴에서 두꺼비를 떼려고 하면, 두꺼비가 마치 상대방의 얼굴로 뛰어들 기세 마냥 독기를 잔뜩 머금고 쳐다보는 바람에, 누구도 손도 대지 못했죠",3,,5008,7
그리하여 부모님의 은혜를 모르는 아들은 반강제적으로 그 두꺼비에게 매일 같이 먹이를 주어야했답니다,2,,5008,8
 그렇지 않으면 두꺼비가 그의 얼굴을 먹을 수 있었거든요,2,,5008,9
그리고 그렇게 해서 아들은 쉼 없이 세상을 ‘방랑’해야 했답니다,2,,5008,10
 커다란 무옛날에 병사로 복무하는 두 형제가 있었어요,5,,5009,1
"형은 부자였고, 동생은 가난했죠",5,,5009,2
가난에서 벗어나기 위해 동생은 군복을 벗고 농부가 되었어요,5,,5009,3
그는 조그만 땅을 파고 일구어 ‘순무’ 씨를 뿌렸죠,5,,5009,4
"그 씨앗들이 싹을 트고 나왔는데, 유독 한 순무만이 엄청 커고 원기 왕성하게 자라 눈에 뛸 정도로 커지고 또 커지더니 급기야는 자람을 절대 멈추지 않을 듯 까짓 것 자라났어요",5,,5009,5
그 바람에 ‘순무의 여왕’이라 불리게 되었지요,5,,5009,6
왜냐면 이제껏 아무도 그런 순무를 본 적이 없었고 앞으로도 볼 성 싶지 않았기 때문이지요,5,,5009,7
결국 그건 너무도 거대해져 달구지 하나를 가득 채우고도 황소 두 마리가 간진히 끌 수 있었지요,5,,5009,8
그래서 농부는 도대체 이 순무를 어찌 처리해야할지를 알 수가 없었어요,5,,5009,9
" 이게 그에게 행운일까요, 아님 불행의 시작일까요?마침내 그가 결심했어요",5,,5009,10
"‘이걸 팔아봤자 얼마나 남을 것이며, 그렇다고 이걸 내가 먹어봤자, 작은 순무 맛과 별반 다를 게 없지 않겠어",5,,5009,11
 차라리 왕께 가져가 선물로 받치는 게 낫겠어,5,,5009,12
’그래서 그가 순무를 달구지에 담고 황소 두 마리로 끌게 해 궁으로 가 왕께 선물로 받쳤어요,5,,5009,13
*이 진기한 것이 무엇인고*,5,1,5009,14
라며 왕이 말했어요,0,,5009,15
"*내 이때껏 신기한 걸 많이 봐 왔다만, 이런 괴물 같이 생긴 건 또 처음이구나! 이건 무슨 씨앗에서 자란 것이냐, 아님 행운아인 네가 우연히 얻은 것이냐*",5,1,5009,16
"*아, 아닙니다요*",5,1,5009,17
라며 농부가 말했어요,0,,5009,18
"*저는 행운아가 아니라, 그저 가난한 병사입니다요",5,1,5009,19
 한때 병사였는데 살림살이가 너무 힘들어 군복을 벗고 땅을 일군 거지요,5,1,5009,20
" 제 형은 부자라 왕께서도 아실 테지만, 저는 가난해 아무도 모르옵지요*",5,1,5009,21
그러자 왕이 그에게 무척 동정심을 느낀 나머지 말했어요,1,,5009,22
"*내 너의 가난함을 벗게 해주겠노라, 너를 내 선물로 네 부자 형만큼이나 부유하게 해주마*",1,1,5009,23
그런 다음 왕은 그에게 많은 금과 땅과 풀밭과 약초들을 주어 즉시 부자로 만들어주었어요,1,,5009,24
 이리 되니 동생의 부유함이 형과 비교되지도 않을 만큼 부유해졌지요,1,,5009,25
부자 형은 가난한 동생이 순무 한 개로 횡재를 했다는 말을 듣고 열불이 나 매일 어떻게 하면 자신도 똑같은 행운을 거머쥘까 골똘히 생각했죠,5,,5009,26
하지만 많은 생각을 해본 결과 가장 좋은 방법은 역시나 금과 말을 왕께 바치고 그 답례로 더 많은 선물을 받는 것이었어요,5,,5009,27
순무 한 개로 그렇게 큰 부자가 됐다면 이런 많은 선물을 바칠 경우 그가 받을 대가는 어마어마하지 않겠어요?,5,,5009,28
"왕은 그의 선물을 받곤, ",5,,5009,29
*답례로 그 거대한 순무만한 게 없지*,5,1,5009,30
라고 말하며 달랑 순무 한 개만 주곤 더는 아무 것도 주지 않았답니다,5,,5009,31
그래서 부자 형은 동생의 순무를 달구지에 담고 집까지 끌고 와야 했어요,5,,5009,32
그 바람에 벅이 받친 그가 급기야 동생을 죽일 결심을 하게 되었어요,2,,5009,33
즉 살인자들을 고용한 거지요,2,,5009,34
" 형은 살인자들을 매복시키고는, 동생한테 가 말했어요",3,,5009,35
"*사랑하는 동생, 숨겨진 보물을 내가 아는데, 우리 함께 가서 파세나, 그리고 둘이 같이 나누자고*",3,1,5009,36
상대방이 이에 동의해 아무런 의심 없이 동행했지요,2,,5009,37
"하지만 그들이 가는 도중, 그 살인자들이 동생을 덮치더니 포박해 나무에 매달아버렸어요",2,,5009,38
"그들이 막 일을 처리하려는데, 멀찍이에서 말발굽소리와 함께 노래 부르는 소리가 크게 났어요",2,,5009,39
이에 그들이 화들짝 놀라 포로를 머리부터 자루 속에 밀어 넣어 나뭇가지에 매달곤 달아나버렸어요,2,,5009,40
하지만 동생은 안에서 까짓것 노력해 자루에 구멍을 하나 내고 머리만이라도 밖으로 내밀 수 있었죠,2,,5009,41
오고 있던 사람은 다름 아닌 여행 중인 학생이었어요,5,,5009,42
젊은 친구가 말을 타고서 즐겁게 노래를 부르며 숲을 지나고 있었죠,5,,5009,43
위에서 보고 있다 그가 아래로 지나갈 때쯤 동생이 소리쳤어요,5,,5009,44
*안녕하슈! 때마침 잘 오셨네*,5,1,5009,45
학생이 주변을 둘러보았지만 그 목소리가 어디서 나는지 알 수 없었죠,5,,5009,46
마침내 학생이 말했어요,0,,5009,47
*어디서 나는 소리죠*,5,1,5009,48
그때 대답이 나무 꼭대기에서 들려왔어요,5,,5009,49
*눈을 들어보게,5,1,5009,50
 난 지금 지혜의 자루 안에 앉아 있다네,5,1,5009,51
 순식간에 많은 걸 배웠지,5,1,5009,52
 어찌나 많이 배웠는지 모든 학교를 조롱거리로 만들만큼 배웠다네,5,1,5009,53
 여기 앉아 배우게 되면 이 세상 누구보다 똑똑해져 내려가게 되지,5,1,5009,54
" 난 별도 알고, 12궁도 알고, 바람의 흔적이며, 바다의 모래며, 질병의 치유며, 약초와 새들과 돌들의 쓰임에 대해 도통했다네",5,1,5009,55
 만약 자네도 여기 한 번만 들어와 보면 지혜 한 보따리를 거머쥐고 무궁무진하게 고귀하게 될 걸세*,5,1,5009,56
그 말을 들은 학생이 감탄해하며 말했어요,5,,5009,57
*제가 당신을 만난 게 정말 복입니다요! 저도 한 번만 그 자루 속으로 들어가볼 수 있을까요*,5,1,5009,58
동생은 마치 싫다는 듯 대꾸했어요,5,,5009,59
"*잠깐만 내 자넬 들여보내주지, 만약 자네가 내게 답례를 하고 좋은 말을 해준다면 말일세",5,1,5009,60
 하지만 1시간은 더 기다려야하네,5,1,5009,61
 왜냐면 내가 아직 배울 게 좀 남았거든*,5,1,5009,62
학생은 잠시 기다리다 더 초조해져선 빨리 자기 좀 들여보내 달라고 아우성이었어요,5,,5009,63
 그만큼 지식의 샘에 목이 말랐던 거죠,5,,5009,64
그래서 동생은 사뭇 못 이기는 척하며 말했어요,5,,5009,65
"*자네가 끈을 아래로 당겨 내가 지혜의 집에서 내려가게 하게나, 그런 다음 자네가 들어오면 된다네*",5,1,5009,66
그래서 학생은 자루를 아래로 내려 끈을 풀고는 그를 구해준 다음 소리쳤어요,5,,5009,67
*자 이제 제 차례라고요*,5,1,5009,68
"학생이 막 자루 속으로 들어가려는데, 동생이 난데없이 ",5,,5009,69
*잠깐*,2,1,5009,70
이라고 말하더니 ,0,,5009,71
*그렇게 들어가면 안 되네*,2,1,5009,72
라고 말하며 학생의 머리를 잡곤 거꾸로 자루 속에 집어넣곤 끈을 묶은 다음 지혜의 제자를 끈을 끌어당겨 나무 위에 매달았어요,2,,5009,73
그렇게 동생은 학생을 공중에 대롱대롱 매단 다음 말했어요,2,,5009,74
"*어찌 해볼 만하겠지, 친구? 지혜가 물밀 듯 밀려드는 게 느껴지지 않는가, 그게 다 소중한 경험이 되는 거라네",2,1,5009,75
 더 지혜로워질 때까지 잠자코 거기 있게나*,2,1,5009,76
그 후 즉시 동생은 학생의 말을 타고 떠나버렸어요,2,,5009,77
"예수님이 이 땅을 걸으실 적에, 어느 날 저녁 예수님과 성 베드로가 대장장이의 집에 들러 하룻밤을 묵게 되었어요",5,,5010,1
그때 가난한 거지가 한 명 지나갔어요,5,,5010,2
 무척 나이 많고 쇠약한 모습이었어요,5,,5010,3
 그가 이 집에 와 대장장이에게 구걸을 좀 해주십사 부탁했어요,5,,5010,4
그를 불쌍히 여긴 성 베드로가 말했어요,5,,5010,5
"*주님, 부디 그의 고통을 치유해 그가 자기 힘으로 빵을 구할 수 있게 해주시겠나이까*",5,1,5010,6
주님이 상냥하게 말했어요,5,,5010,7
"*대장장이, 자네 ‘가마’ 좀 빌리겠네, 석탄도 좀 넣게나, 그럼 내가 이 병약한 어르신을 다시 젊은이로 만들 테니*",5,1,5010,8
대장장이가 기꺼이 동의했습니다,5,,5010,9
성 베드로가 ‘풀무질’을 하였습니다,5,,5010,10
석탄불이 크고 세게 불꽃을 튀기자 우리 주님께서 그 불쌍한 노인네를 인도하시어 빨갛게 달아오른 불 속 가마 안으로 밀어 넣었습니다,2,,5010,11
그 바람에 노인이 장미 나무처럼 빨갛게 달아오르며 큰 목소리로 하느님을 찬양했습니다,2,,5010,12
그런 다음 주님이 물통으로 가시더니 빨갛게 달아오른 그 작은 남자를 물에 담그셨습니다,2,,5010,13
 물이 그를 에워 쌓습니다,2,,5010,14
주님은 그를 조심스레 식힌 다음 축복을 내려주셨습니다,2,,5010,15
"그러자 작은 남자가 민첩하게 일어서는데 보니, 이제 갓 20세가 된 젊은이 마냥 생기 있고 허리가 펴 있고 건강했습니다",1,,5010,16
이 모든 광경을 주의 깊고 세심하게 지켜보게 된 대장장이가 그들 모두를 저녁식사에 초대했습니다,5,,5010,17
하지만 그에겐 눈이 반쯤… 멀었고 허리가 꼬부라진 장모님이 한 분 계셨지요,5,,5010,18
 장모님은 젊은이에게 가더니 불이 얼마만큼 그를 달구었는지를 아주 열심히 물으셨습니다,5,,5010,19
"젊은이가 대답하기를, 지금껏 이보다 포근할 수 없었다 말하고, 이글거리던 불 속이 이슬 맺힌 듯 시원했다 말했습니다",5,,5010,20
젊은이의 말이 늙은 여인의 귀에 밤새 메아리를 쳐댔습니다,5,,5010,21
다음날 일찍 주님이 대장장이에게 한없는 고마움을 표하시고는 다시 여행길에 오르셨습니다,5,,5010,22
대장장이는 생각했어요,5,,5010,23
‘똑같이만 하면 우리 장모님도 다시 젊어지게 할 수 있지 않을까,5,,5010,24
"’게다가 그는 모든 걸 주의 깊게 보았을 뿐만 아니라, 달구고 식히는 것은 원래 그의 직업이었으니까요",5,,5010,25
"그래서 그가 장모님을 불러,",5,,5010,26
*장모님 18세 처녀로 돌아가고 싶지 않으세요*,5,1,5010,27
라고 물었습니다,0,,5010,28
 그녀가 말했어요,0,,5010,29
"*암 기꺼이, 다시 젊어질 수만 있다면야*",5,1,5010,30
그리하여 대장장이가 큰 불씨를 만들고 늙은 여인을 그 속에 집어던졌습니다,2,,5010,31
그녀가 이리 저리 사방으로 몸부림을 치며 괴로워하며 끔찍한 비명을 입 밖으로 냈습니다,2,,5010,32
*가만히 좀 앉아계시라고요,2,1,5010,33
 그렇게 사방팔방으로 비명을 지르고 뛰시면 어떠해요*,2,1,5010,34
라며 그가 고함을 쳤어요,2,,5010,35
동시에 그는 그 말을 하면서도 계속 풀무질을 하여 마침내 그녀의 옷들이 홀라당 다 탈 때까지 계속 바람을 집어넣었어요,2,,5010,36
"늙은 여인이 쉼 없이 비명을 지르자, 대장장이가 속으로 생각했어요",2,,5010,37
‘이게 아닌가’,2,,5010,38
그래서 그가 그녀를 끄집어내어 물통 속에댜 집어넣었습니다,2,,5010,39
"그러자 그녀가 아주 큰 비명소리를 질러, 2층에 있던 대장장이의 아내와 ‘그녀’의 며느리가 이 소리를 듣고 아래층으로 달려 내려와 보니, 늙은 여인이 물통 속에 담가져 울부짖고 외치고 있었어요",3,,5010,40
 그녀는 이번 일로 혼이 쏙 나간 듯 주름지고 쪼글쪼글한 모습이 훨씬 더 심해져있었어요,3,,5010,41
"그래서 각각 아이를 임신하고 있던 두 여성은 너무도 놀라 그날 밤 바로 두 소년을 출산하고 말았는데, 그녀들이 낳은 자식은 사람이 아니라 원숭이였어요",3,,5010,42
"이들 원숭이들이 숲으로 도망쳤는데요, 이들이 바로 원숭이들의 원조랍니다",5,,5010,43
하느님이 모든 동물들을 창조하셨어요,5,,5011,1
그리곤 늑대를 선택해 자신의 멍멍이로 삼으셨죠,5,,5011,2
하지만 하느님도 염소는 깜빡하셨답니다,5,,5011,3
"그때 악마가 냉큼 달려오더니 자신과 닮은 걸 창조했어요, 멋진 긴 꼬리를 가진 염소였죠",5,,5011,4
"이때부터 염소들이 풀밭으로 갈 때면, 꼬리들이 산울타리에 자꾸 끼었어요",2,,5011,5
그러자 악마가 거기까지 와 꼼짝달싹 못하는 염소들을 풀어주었죠,2,,5011,6
하도 이런 일이 많자 악마도 화딱지가 나 모든 염소들의 꼬리를 물어서 끊어버렸답니다,2,,5011,7
이리하여 염소들의 꼬리는 오늘날까지도 몽땅한 거예요,2,,5011,8
악마가 염소들을 또 풀밭에 풀어두었죠,5,,5011,9
그러다 하루는 주 하느님께서도 염소들이 과일 나무와 신성한 포도며 다른 보드라운 풀들을 죄다 갉아먹고 있다는 것을 주지하시게 된 거죠,5,,5011,10
이게 하느님을 슬프게 했어요,2,,5011,11
그래서 자비와 우애의 차원에서 자신의 늑대들을 부르셨지요,2,,5011,12
늑대들이 곧 밖에 있던 염소들을 갈가리 찢었어요,2,,5011,13
이 사실을 알게 된 악마가 발끈해선 하느님 앞에 가선 말했지요,2,,5011,14
*당신의 창조물들이 제 걸 죽였습니다*,2,1,5011,15
하느님이 대답하셨어요,0,,5011,16
*너는 왜 그런 해로운 것을 만들었느냐*,2,1,5011,17
악마가 말했죠,0,,5011,18
"*저도 어쩔 수 없었다고요, 내 머리 속에 든 게 죄다 사악한 짓뿐인데, 제가 만드는 것도 뻔할 뻔자 아니겠습니까, 그나저나 제 손해에 대해 어서 물어주시기나 하세요*",2,1,5011,19
*떡갈나무 잎사귀들이 떨어질 때 돈을 주마,2,1,5011,20
" 그때 오거라, 네 돈은 그때까지 준비해 두겠다*",2,1,5011,21
"떡갈나무 잎사귀들이 떨어지고 나자, 악마가 오더니 자신이 받기로 한 돈을 달라며 요구했어요",5,,5011,22
 하지만 하느님이 말씀하셨지요,0,,5011,23
"*콘스탄티노플에 있는 교회 안에 큰 떡갈나무 한 그루가 서 있는데, 그 잎사귀는 아직 달려 있단다*",5,1,5011,24
꼭지가 돈 악마가 무례한 욕설을 내뱉더니 획 가버리더니 그 떡갈나무가 정말 있는지 보려고 장장 6개월 동안 황야를 방황한 끝에 그 떡갈나무를 찾았어요,3,,5011,25
"악마가 다시 돌아와 보니, 그 새 또 모든 떡갈나무들이 푸르른 잎사귀들을 피었지 뭐예요",3,,5011,26
이리하여 악마는 보상금을 받을 수 없게 되었지요,3,,5011,27
화가 머리끝까지 난 악마가 남아 있던 모든 염소들의 눈을 뽑고는 대신 자신의 눈을 박아버렸어요,3,,5011,28
"이것이 바로 왜 모든 염소들이 악마의 눈을 가지게 되었고, 염소들의 꼬리가 물어 뜯은 거 같고, 염소들이 악마의 모습과 닮았는지에 대한 이유랍니다",3,,5011,29
옛날에 사람들 한 가득 모아놓고 서서 자신의 신기한 마법을 보여주는 요술쟁이가 한 명 있었어요,5,,5012,1
"그 중에 제일은, 수탉이 무거운 닭장의 ‘홰’를 마치 깃털 마냥 가볍게 드는 거였지요",5,,5012,2
"때마침 방금 막 네 잎 ‘클로버’를 주워 총명해진 소녀도 그 자리에 함께 있었는데, 그녀는 너무도 총명해져 어떤 속임수도 그녀에게 통하지 않았죠",5,,5012,3
 그래서 그녀는 수탉이 든 무거워 보이는 닭장의 ‘홰’가 단지 지푸라기 하나에 지나지 않음을 금방 알아챘어요,5,,5012,4
그래서 소녀가 소리쳤어요,5,,5012,5
"*보세요들, 수탉이 든 건 닭장의 ‘홰’가 아니라, 그냥 지푸라기 하나에 지나지 않다는 게 안 보이시나요*",5,1,5012,6
"그 즉시 요술은 사라지고, 사람들도 진상을 파악하고, 그 마술사에게 창피와 면박을 잔뜩 주고 멀리 쫓아버렸어요",5,,5012,7
하지만 그는 마음속 분노가 엄청나 이렇게 말하기에 이르렀죠,2,,5012,8
*내 곧 복수하고 말 테다*,2,1,5012,9
한참 후에 그 소녀의 결혼식 날이 되었어요,5,,5012,10
그래서 그녀가 ‘치장’을 하고서 사람들의 큰 행렬 속에 끼어 들판을 가로질러 교회가 있는 곳까지 갔어요,5,,5012,11
그녀가 시내에 도착하니 갑자기 시냇물이 가득 넘치는 거예요,5,,5012,12
거긴 건널 다리도 없고 판자대기도 없는데 말이죠,5,,5012,13
그래서 신부는 시냇물 속을 걸어서 지나갈 생각으로 재빨리 자신의 옷들을 걷어 올렸어요,5,,5012,14
"그녀가 물속에 서 있자마자, 예전 그 요술쟁이 남자가 나타나더니 그녀 바로 곁에서 조롱 섞인 고함을 지르는 거예요",3,,5012,15
"*아하! 눈이 삐었군, 여기 물이 어딨다는 거야*",3,1,5012,16
 그제야 그녀의 두 눈이 번쩍 떠지며 그녀 자신이 지금 푸른 ‘아마’ 꽃들이 가득한 푸른 들판 한 복판에 옷들을 죄다 걷어 올리고서 서 있는 게 보였어요,3,,5012,17
그때 사람들 모두도 그 광경을 보았고 조롱과 비웃음을 한가득 주며 그녀를 쫓아내 버렸답니다,3,,5012,18
옛날에 할머니 한 분이 계셨어요,5,,5013,1
여러분들도 다들 한 번씩은 구걸을 하시는 할머니를 보셨겠지요?,5,,5013,2
이 여자도 마찬가지로 구걸을 하셨죠,5,,5013,3
그러다 뭔가를 받게 되면 이렇게 말씀하셨어요,5,,5013,4
*복 받으실 겁니다*,5,1,5013,5
이 거지 할머니가 문에 왔을 때 때마침 상냥한 개구쟁이 소년 한 명이 거기 옆에다 모닥불을 피워 놓고 몸을 데우고 있었어요,5,,5013,6
"소년이, 문가에서 떨며 서 있는 그 가련한 여성에게 친절하게도 이렇게 말해주었어요",5,,5013,7
*할머니도 오셔서 좀 쬐세요*,5,1,5013,8
그녀가 불기운 속으로 들어오다 그만 너무 모닥불 가까이에 서는 바람에 그녀의 낡은 누더기 옷에 불이 붙기 시작했는데도 그녀는 알지 못했답니다,2,,5013,9
"소년은 서 있다 그걸 다 봤는데요, 그럼 자신이 대신 그 화염을 꺼야 하잖아요",2,,5013,10
그가 그걸 내버려둘 하등의 이유가 없잖아요?,2,,5013,11
물이 없다면 몸속의 모든 물을 눈물을 흘리고서라도 빼내었어야 하잖아요,2,,5013,12
그럼 예쁜 두 물줄기가 나와 그 불을 껐으련만,2,,5013,13
세 아들을 둔 어떤 왕이 계셨어요,5,,5014,1
왕은 세 아들을 똑같이 사랑했기에 자신이 죽은 다음 정말 어느 아들에게 다음 왕위를 물려주어야할지 몰랐죠,5,,5014,2
"때가 되어 그가 막 죽으려는 찰나에, 그는 아들들을 침대 맡으로 불러 말했어요",5,,5014,3
"*얘들아, 내가 곰곰이 생각해봤는데 이 방법이 좋을 거 같더구나, 너희들 중 가장 게으른 아이에게 이 왕국을 물려주려한다*",5,1,5014,4
첫째가 말했어요,0,,5014,5
"*아빠, 그럼 왕국은 제 거예요, 왜냐면 저는 자려고 한 번 드러누우면 눈에 빗방울이 한 방울 떨어져도 자면 잤지 절대 눈을 뜨지 않을 만큼 게으르거든요*",5,1,5014,6
 둘째가 말했어요,0,,5014,7
"*아빠, 왕국은 제 소유입니다",5,1,5014,8
 왜냐면 저는 모닥불에 몸을 녹이려 한 번 앉으면 제 발 뒤꿈치가 불에 타도 귀찮아서 다리를 오므리지 않을 만큼 게으르거든요*,5,1,5014,9
셋째인 막내가 말했어요,0,,5014,10
"*아빠, 왕국은 제 거예요",5,1,5014,11
" 왜냐면 저는, 누가 저를 교수형을 처하려고 목에 이미 새끼줄을 두르고, 날카로운 칼을 제 손에 쥐어주며 그 새끼줄을 끊으라 해도, 차라리 목이 매달리면 매달렸지 귀찮아서 제 손으로 새끼줄을 끊지 않을 정도로 게으르거든요*",5,1,5014,12
 이 말을 들은 아빠가 말했어요,0,,5014,13
"*네가 가장 심하니, 왕으로 삼겠노라*",5,1,5014,14
하루 종일 손도 까딱하지 않으려는 열두 하인들이 하루는 잔디밭에 누워 자신들의 게으름을 뽐내고 있었어요,5,,5015,1
첫 번째 하인이 말했어요,5,,5015,2
"*너희들의 게으름은 나에 비하면 새 발의 피야, 한 번 들어볼래? 내 몸에 신경 쓰는 게 내 주요한 일이지",5,1,5015,3
 난 조금밖에 안 먹고 훨씬 더 조금만 마시지,5,1,5015,4
 그러면서도 하루에 네 끼 식사를 하고,5,1,5015,5
 그러곤 배고플 때까지 굶지,5,1,5015,6
 이 생활이 내겐 딱이야,5,1,5015,7
 난 해가 꼭…대기에 뜰 때까지 침대에서 일어나지 않아,5,1,5015,8
 낮 12시쯤 되면 난 이미 누울 자리를 살펴보고 있지,5,1,5015,9
" 주인이 부르기라도 하면, 못 들은 척 한단다, 그래도 또 부르면, 잠시 뜸을 들인 다음 일어나, 느릿느릿 그에게 걸어가지",5,1,5015,10
 이렇게 생활했더니 견딜만한 거 있지*,5,1,5015,11
두 번째 하인이 말했어요,0,,5015,12
"*난 말을 돌보는 일을 하는데, 그냥 말 입에 음식 조금 넣어두고 아무 것도 안 한단다, 때론 아무 것도 안 주지",5,1,5015,13
 주인이 물어보면 그냥 말에게 이미 먹이를 주었다 말하지,5,1,5015,14
 그러곤 ‘귀리’ 상자 속에 누워 네 시간 동안 퍼질러 자지,5,1,5015,15
 이후 한쪽 다리를 뻗어 두세 번 말의 몸을 발로 문질러 주면 그날 빗질이며 청소도 땡이야,5,1,5015,16
 이런 좋은 일자리를 어디서 찾겠어? 그런데도 난 이 일이 지겨워죽겠어*,5,1,5015,17
세 번째 하인이 말했어요,0,,5015,18
*왜 노동을 해야 하는 건데? 어림 반 푼어치 없는 소리지! 난 그냥 햇볕 들면 누워 자,5,1,5015,19
" 그러다 비라도 오면, 내가 왜 일어냐 나고? 비 다 맞고 있으면 돼지",5,1,5015,20
 그러다 한 번은 어찌나 세차게 소나기가 오든지 점점 심해져 내 머리통에서 머리카락이 다 벗겨져 떠내려가지 뭐야,5,1,5015,21
 머리에 이따만 한 두멍도 났었다니까,5,1,5015,22
 그래도 난 그냥 그 위에 반창고 하나 바르고 말았어,5,1,5015,23
 그런 종류의 상처가 몇 군데 더 있을 정도란다*,5,1,5015,24
네 번째 하인이 말했어요,0,,5015,25
"*조금이라도 일을 해야 할 게 생기면, 난 먼저 한 시간 동안 빈둥거려서 힘을 축척해",5,1,5015,26
" 그런 다음 아주 느리게 시작하지, 그러면서도 누가 나를 도울 사람 없다 찾아보지",5,1,5015,27
 그럼 그에게 일의 주도권을 넘기고 난 그냥 지켜보는 거지,5,1,5015,28
 이 방법으로 참 많이도 놀았지*,5,1,5015,29
다섯 번째 하인이 말했어요,0,,5015,30
"*그게 뭐 대수라고? 생각해봐, 난 ‘마구간’에서 똥거름을 퍼 달구지에 담아야할 때도 그냥은 안 해",5,1,5015,31
 느리게 한 사발 떠 ‘갈퀴’에 적당히 걸쳐 반만 들어 올려 한 15분 동안 휴식을 취한 다음 그제야 던져놓지,5,1,5015,32
 그럼 하루에 한 수레만 쳐도 시간이 남아도는데,5,1,5015,33
 누가 내가 놀고 있다 상상이나 하겠어*,5,1,5015,34
여섯 번째 하인이 말했어요,0,,5015,35
*부끄러운 줄들 알아야지,5,1,5015,36
 일을 왜 해,5,1,5015,37
 난 세 주 내내 드러누웠던 적도 있는 걸,5,1,5015,38
 옷도 한 번 벗지 않고 말이야,5,1,5015,39
 신발 버클을 왜 해? 발이야 벗겨지던 말든 신경 안 써,5,1,5015,40
 계단 오를 때도 첫 게단 밟은 다음 한 참 있다 또 한 발작 올리지,5,1,5015,41
 그리곤 또 어디서 쉴지 한참을 뜸 들인단다*,5,1,5015,42
일곱 번째 하인이 말했어요,0,,5015,43
*그래봤자 내겐 상대도 안 돼,5,1,5015,44
 주인이 일을 맡기고 외출이라도 하면 난 신경 하나도 안 쓰고 자빠져 자,5,1,5015,45
 누가 날 움직이려면 힘센 장사 네 명이 있는 힘껏 뒤에서 밀어도 될까 말까일 걸,5,1,5015,46
 내가 한 번은 여섯 명이 다닥다닥 붙어서 누워 자는 곳에 갔다 나도 벌러덩 자빠져 잤는데 말이야,5,1,5015,47
 내가 꿈쩍도 안하고 안 깨는 바람에 그들이 집에 가고 싶어 나를 ‘이고’ 와야 했지*,5,1,5015,48
여덟 번째 하인이 말했어요,0,,5015,49
*나에 비하면 자네들은 활동적인 거야,5,1,5015,50
 난 내 앞에 돌부리가 놓여 있어도 내 발을 더 들어 올려 피하지 않아,5,1,5015,51
 난 그냥 땅바닥에 드러눕는 다고,5,1,5015,52
 그러다 진흙과 오물이 나를 젖게 하던 덥게 하던 신경 안 써,5,1,5015,53
 햇볕이 나를 바짝 말릴 때까지 누워 있음 되는데 내가 왜 움직여,5,1,5015,54
 기껏해야 어쩌다 한 번 반대쪽으로도 햇볕이 들게 돌아눕는 게 다라네*,5,1,5015,55
아홉 번째 하인이 말했어요,0,,5015,56
"*말 같지도 않은 소리들! 오늘 빵이 내 앞에 놓였을 때, 난 너무도 귀찮아서 먹지도 않았다네",5,1,5015,57
" 난 그냥 밥 먹기도 귀찮아서 졸졸 굶고 다녀! 물 항아리가 놓여 있음, 아니 내가 그 귀찮은 걸 왜 들어",5,1,5015,58
 차라리 목이 말라 죽으면 또 몰라,5,1,5015,59
" 돌아 누워 자는 것도 내겐 사치야, 난 한 번 누우면 종일 그 자세 그대로라네*",5,1,5015,60
열 번째 하인이 말했어요,0,,5015,61
*내가 얼마나 게으른가 하면 사고로 다리가 부러지고 종아리가 퉁퉁 부은 적이 있을 정도라네,5,1,5015,62
 우리 셋이 도로가에 누워 있을 때 난 다리를 쭉 펴고 있었지,5,1,5015,63
" 그때 누군가가 마차를 몰고 오지 않겠나, 난 그 수레바퀴가 내 위를 자나가던 말던 내버려 뒀어",5,1,5015,64
" 내가 귀찮게 다리를 왜 빼, ",5,1,5015,65
"하지만 마차 오는 소릴 못 들은 건 맞아, ",5,1,5015,66
"왜냐면 작은 곤충들이 내 귀 주변을 윙윙 거리며, 내 코로 기어 들어와선 내 입을 통해 다시 나가는 바람에 못 듣기도 했거니와, 해충 그까짓 것 뭐 귀찮게 쫓을 게 뭐 있겠나*",5,1,5015,67
열한 번째 하인이 말했어요,0,,5015,68
*난 어제 내 일자리를 관 뒀어,5,1,5015,69
 무거운 책들을 들고서 주인한테 가져다주었다가 도로 갖다놓는 건데 뭔 놈의 일이 끝이 나야 말이지,5,1,5015,70
" 하지만 사실 대로 말하면 그가 나를 해고했지 더는 하지 말래나, 왜냐면 자기 옷들을 내가 먼지에 그대로 둬서 ‘좀이 먹었다나’ 뭐래나",5,1,5015,71
 그래서 내가 기쁘게 관 뒀지*,5,1,5015,72
열두 번째 하인이 말했어요,0,,5015,73
"*오늘 내가 마차를 몰고 시골길을 달려야했는데 말이야, 난 그냥 마차 위에 짚 올려놓고 침대 삼아 쿨쿨 잤다네",5,1,5015,74
" 그 바람에 내 손에서 고삐가 흘려내려, 내가 깨었을 땐, 말은 달아나버리고, 말을 ‘채’에 묶고 있던 띠도 사라지고, 목에 대는 마구며, 굴레며 죄다 사라지고 없지 뭔가",5,1,5015,75
 누가 지나가다 들고 튀었나봐,5,1,5015,76
 이 외에도 마차가 ‘진구렁’에 빠져 꼼짝달싹 못하고 있더군,5,1,5015,77
 그래도 뭐 난 그것들 다 그냥 그대로 두고 도로 짚을 펴고 자빠져 잤다네,5,1,5015,78
 마침내 주인이 직접 오더니 마차를 끄집어내더군,5,1,5015,79
" 허허참, 그냥 거기 계속 자빠져 자고 있었음 참 꿀잠 잘 수 있었던 건데 말이야*",5,1,5015,80
 양치기 소년옛날에 모든 질문들에 현명한 대답을 하는 것으로 온 사방에 명성을 떨친 양치기 소년이 한 명 있었어요,5,,5015,81
그 나라의 왕도 이 소문을 듣고는 쉽게 믿기지가 않아 사람을 보내 그 소년을 오게 했어요,5,,5015,82
그런 다음 왕이 소년에게 말했어요,0,,5015,83
*지금부터 내가 하는 세 가지 질문들에 네가 답을 할 수 있다면 내 너를 내 친자식처럼 여기고 이 곳 궁에서 함께 살도록 해주마*,5,1,5015,84
소년이 말했지요,0,,5015,85
*그 세 가지 질문이 무엇이옵니까*,5,1,5015,86
왕이 말했어요,0,,5015,87
"*우선, 저기 바다에는 얼마나 많은 물방울들이 있느냐*",5,1,5015,88
양치기 소년이 대답했어요,5,,5015,89
"*왕이시어, 당신이 바다로 향하는 모든 강줄기들을 막아주셔서 제가 그 개수를 헤아릴 때까지 단 한 방울의 물방울도 바다로 흘러들지 않는다면 저는 당신에게 바다에 얼마나 많은 개수의 물방울들이 있는지를 말씀드릴 수 있습니다*",5,1,5015,90
왕이 말했어요,0,,5015,91
"*다음 질문은, 저 하늘 위엔 얼마나 많은 개수의 별들이 있느냐*",5,1,5015,92
양치기 소년이 말했어요,0,,5015,93
*제게 큼직한 흰색 종이를 한 장만 주옵소서*,5,1,5015,94
그런 다음 소년은 그 종이 위에 펜으로 정말 보이지도 않을 만큼 작은 점들을 무수히 많이 찍었어요,0,,5015,95
 너무도 많아 세릴 수가 없을 정도였지요,5,,5015,96
 세기는커녕 쳐다만 봐도 눈이 아찔해질 정도로 점이 많고 작았으니까요,5,,5015,97
그때 소년이 말했어요,0,,5015,98
*저 하늘 위에는 이 종이에 찍힌 점들만큼이나 많은 별들이 있사옵니다,5,1,5015,99
 자 세려 보시옵소서*,5,1,5015,100
하지만 아무도 세릴 수가 없었답니다,5,,5015,101
왕이 말했어요,0,,5015,102
"*세 번째 질문은, 영원이 몇 초이냐이다*",5,1,5015,103
그러자 양치기 소년이 말했어요,5,,5015,104
*포어포메른 저지대에 다이아몬드 산이 있습니다,5,1,5015,105
" 그 산의 높이는 4킬로미터이고, 너비도 4킬로미터, 깊이도 4킬로미터입니다",5,1,5015,106
 백년마다 한 번씩 작은 새가 날아와 자신의 부리로 그 산 위를 쪼고 간답니다,5,1,5015,107
" 바로 그 산이 그 작은 새에 의해 완전히 닳아 없어질 때가, 영원의 시간으로 1초가 지난 것입니다*",5,1,5015,108
왕이 말했어요,0,,5015,109
*너는 현인처럼 세 가지 질문들에 대답해주었다,1,1,5015,110
" 이제부터는 내 너를 궁에서 살게 해주고, 내 친자식처럼 여기겠노라*",1,1,5015,111
옛날에 아빠 엄마를 잃은 어린 소녀가 하나 있었지요,4,,5016,1
"그녀는 너무도 가난하여 묵을 방도 잘 침대도 없었고, 가진 거라곤 단지 입고 있는 옷과, 어떤 자애로운 분이 먹으라고 주신 단지 약간의 빵을 손에 쥐고 있는 게 다였지요",4,,5016,2
하지만 그녀는 착하고 신앙심이 깊었어요,5,,5016,3
이렇듯 세상에 내버려진 그녀는 선하신 하느님만 의지하고서 들판으로 나아갔답니다,5,,5016,4
그때 가난한 남자와 마주치게 되었어요,5,,5016,5
 그가 말했어요,0,,5016,6
"*아, 먹을 걸 좀 줘, 나 너무 배가 고파*",5,1,5016,7
그녀가 그에게 자신이 가진 약간의 빵을 전부 내밀며 말했지요,5,,5016,8
*하느님의 가호가 있기를*,5,1,5016,9
 그녀가 다시 나아갔어요,5,,5016,10
그러자 신음하는 아이가 하나 다가오더니 말했어요,5,,5016,11
"*머리가 너무 추워요, 제게 덮을 걸 좀 주세요*",5,1,5016,12
그래서 그녀가 자신의 머리씌우개를 벗어 그에게 주었어요,5,,5016,13
그녀가 좀 더 걸어가니 또 다른 아기가 웃옷도 입지 않은 채 추위에 벌벌 떨고 있었지요,5,,5016,14
그래서 그녀가 자신의 웃옷을 아이에게 주었어요,5,,5016,15
그리고 좀 더 걸어가니 한 아이가 덧옷을 구걸했어요,5,,5016,16
 그래서 그녀가 자신의 겉옷을 아이에게 주었어요,5,,5016,17
결국 그녀가 어느 숲에 도착했을 때는 날이 이미 저문 뒤라 어두웠지요,5,,5016,18
그럼에도 또 다른 아이가 다가오더니 속옷마저 달라 청했어요,2,,5016,19
착하고 어린 소녀는 속으로 생각했지요,2,,5016,20
"‘날은 이미 저물어 밤인걸, 나를 볼 사람은 없어, 그러니 내 속옷을 줘도 될 거야",2,,5016,21
’그리곤 옷을 벗어 그 아이에게 주었어요,2,,5016,22
"그녀가 그렇게 자기 외에 아무도 없는 곳에서 서 있는데, 갑자기 하늘의 별들이 우수수 떨어지는데, 그건 다름 아닌 반질반질 은화들이었어요",1,,5016,23
"또한 그녀가 자신의 속옷을 이미 벗어주었음에도, 그녀는 고급 재료로 만든 새 속옷을 입고 있었지요",1,,5016,24
"그녀는 이리하여 은화들을 모을 수 있었고, 남은 생을 모두 부유하게 살았답니다",1,,5016,25
 아빠가 하루는 점심을 들기 위해 아내와 아이들과 그리고 이 집을 방문한 착한 친구와 함께 식탁에 앉아 있었습니다,5,,5017,1
그들이 그렇게 앉아 있는 동안 시계가 12시를 가리키며 울렸습니다,5,,5017,2
 그때 손님의 눈에 문이 열리며 아주 창백하게 생긴 아이가 눈같이 흰 옷을 입고 들어오는 것이 보였습니다,5,,5017,3
 그 아이는 주변을 둘러보지도 그렇다고 말을 하지도 않고 곧장 옆방으로 들어갔습니다,5,,5017,4
잠시 후 그 아이가 나왔는데 들어갈 때와 똑같이 아주 조용히 문을 나섰습니다,5,,5017,5
"둘째 날도 그리고 셋째 날에도, 똑같은 일이 벌어졌습니다",5,,5017,6
"마침내 손님이 아빠에게, ",5,,5017,7
*매일 정오때만 되면 옆방으로 들어가는 그 고운 아이가 누구냐*,5,1,5017,8
고 물었습니다,5,,5017,9
*아무도 아무것도 못 봤는데*,5,1,5017,10
라며 아빠가 말했습니다,0,,5017,11
그래서 누구 집 아이인지도 알 수 없었죠,5,,5017,12
"다음날 그 아이가 다시 나타나자, 손님이 손가락으로 가리키며 아빠가 ",5,,5017,13
*저 아이가 보이지 않아*,5,1,5017,14
라고 물었습니다,0,,5017,15
하지만 아빠와 엄마는 물론 아이들의 눈에도 아무 것도 보이지 않았죠,5,,5017,16
이에 손님이 자리에서 일어나더니 방문으로가 살짝 열어 안을 엿보았습니다,2,,5017,17
"그러자 그의 눈에, 아이가 바닥에 앉아 바닥 ‘판자’들 사이에 갈라진 틈 사이를 열심히 살피며 손으로 파고 있는 게 보였어요",2,,5017,18
하지만 손님을 본 그 아이는 홀연히 사라지고 말았죠,2,,5017,19
"손님은, 아이가 정확히 무엇을 하고 있었는지를 본 그대로 말해주었지요",5,,5017,20
그러자 엄마가 깜짝 놀라며 말했어요,2,,5017,21
"*아, 그 애는 한 달 전에 죽은 제 사랑하는 아이에요*",2,1,5017,22
"그들이 그 판자들을 들어 올려보니 죽은 아이가, ",2,,5017,23
"*얘야, 가난한 사람들에게 주거라*",2,1,5017,24
라며 엄마에게서 예전에 받은 동전 두 개가 나왔어요,2,,5017,25
하지만 아이는 생각했던 거지요,2,,5017,26
‘이 돈이면 비스킷을 사먹을 수 있어,2,,5017,27
’그래서 아무도 몰래 숨겨두려고 판자들 사이에 둔 거죠,2,,5017,28
그 바람에 아이는 무덤에서도 한시도 평안하지 못하였답니다,2,,5017,29
 그래서 매일 정오 때면 이 동전들을 가지러 왔던 거지요,2,,5017,30
부모님은 즉시 그 돈을 가난한 사람에게 주었어요,5,,5017,31
그 후로 그 아이는 다시 나타나지 않았답니다,5,,5017,32
"옛날 옛적에, 너무도 결혼이 하고 싶은 젊은 양치기가 한 명 있었어요",5,,5018,1
그런데 그가 알고 지내는 세 자매가 하나 같이 예뻐서 도대체 누구를 신붓감으로 골라야할지 모르겠는 거예요,5,,5018,2
그래서 엄마에게 말씀드리고 조언을 구했지요,5,,5018,3
엄마가 말했어요,0,,5018,4
"*세 명 모두 초대해보거라, 그런 다음 그녀들에게 치즈를 나눠주고 어떻게 먹는지를 살펴보거라*",5,1,5018,5
젊은이가 말씀대로 했어요,5,,5018,6
"하지만 첫 번째 아가씨는 껍질 채로 치즈를 꿀꺽 삼켜버렸고요,",2,,5018,7
두 번째 아가씨는 치즈에서 껍질을 서툴게 잘라냈는데 너무 서둘다 그만 상당량의 치즈도 껍질과 함께 도려내 버리고 말았지요,2,,5018,8
세 번째 아가씨는 주의 깊게 껍질을 치즈에게 벗겨냈어요,5,,5018,9
 그건 정말이지 너무 과하지도 그렇다고 너무 적지도 않은 알맞은 자름이었어요,5,,5018,10
양치기가 이 모두를 엄마께 말씀드렸어요,5,,5018,11
그녀가 말했어요,0,,5018,12
*세 번째 아가씨를 네 아내로 삼으려무나*,5,1,5018,13
"그는 엄마 말대로 했고, 아내와 함께 만족하고 행복하게 살았대요",1,,5018,14
 아마 부스러기 옛날에 예쁘지만 게으르고 부주의한 처녀가 한 명 살고 있었어요,5,,5019,1
그녀는 실을 만들 때도 행여 아마에 얽힘이 약간이라도 있음 발끈해 아마를 몽땅 잡아 뽑아 바닥에 내버리고 말았지요,5,,5019,2
 그래서 그녀 옆엔 아마 부스러기들이 수북이 쌓였어요,5,,5019,3
"이때 그녀에겐 부지런한 하녀가 한 명 있었는데, 그녀가 버려진 아마 부스러기들을 한데 모아 씻은 다음 고운 실을 만들어 자신을 돋보일 수 있는 아름다운 가운을 만들었답니다",5,,5019,4
어떤 젊은이가 게으른 소녀에게 청혼을 해 결혼식이 거행되기로 예정되었지요,5,,5019,5
"결혼식 저녁 날, 부지런한 하녀가 자신이 만든 예쁜 드레스를 입고 흥겹게 춤을 추었어요",5,,5019,6
그러자 신부가 말했지요…,0,,5019,7
"*뭐하는 거지, 내가 버린 아마 부스러기들로 옷을 지어 입은 주제에 ‘날궂이’를 하고 있네*",2,1,5019,8
신랑이 그 소리를 듣곤 신부에게 ,2,,5019,9
*무슨 말이냐*,2,1,5019,10
고 물었지요,0,,5019,11
"그래서 신부는, 하녀가 입고 있는 옷이 실은 자신이 버린 아마로 만든 드레스라 말해주었지요",2,,5019,12
"그 말을 들은 신랑은, 신부가 얼마 게으른지 알았고, 가련한 하녀가 얼마나 부지런한지 알았어요",2,,5019,13
그래서 신랑은 신부를 단념하고 대신 그 하녀를 자신의 신부로 삼았답니다,2,,5019,14
네 마리 어린 참새들을 둔 아빠 참새 한 마리가 제비 둥지에서 살고 있었답니다,5,,5020,1
"그들이 갓 날아다닐 수 있게 되었을 때, 몇몇 깡패 소년들이 그 둥지를 뽑아버려, 그 바람에 모든 참새들이 강풍에 휩쓸려 뿔뿔이 흩어지고 말았어요",2,,5020,2
자식들이 이런 식으로 세상에 나가게 된 게 늙은 참새는 무엇보다 슬펐어요,4,,5020,3
" 세상의 수많은 위험들을 경고해주지도 못했는데, 그리고 세상을 헤쳐 나갈 방법들을 잘 알려주지도 못했는데 말이죠",4,,5020,4
가을이 되어 엄청난 참새들이 밀밭으로 모였어요,5,,5020,5
 거기서 늙은 참새는 자신의 네 자식들을 다시 만나게 돼 기쁨 가득 집으로 데리고 왔답니다,5,,5020,6
"*아, 내 사랑하는 아들들아, 그간 여름을 어찌 보냈더냐? 강풍에 그렇게 날려가 버려 내가 제대로 가르쳐주지도 보살펴주지도 못했는데",5,1,5020,7
 작은 새들이 해쳐나가야 할 위험들이 얼마나 많더냐*,5,1,5020,8
 그래서 아빠 참새는 우선 첫째 참새에게 ,5,,5020,9
*여름을 어디서 보냈느냐? 먹고 살만하더냐*,5,1,5020,10
라고 물어보았어요,0,,5020,11
"*저는 정원들에서 머물며, 유충들과 작은 벌레들을 잡아먹고 지냈죠",5,1,5020,12
 버찌가 익을 때까지는 그렇게 지냈어요*,5,1,5020,13
"*오, 내 아들아*",5,1,5020,14
라며 아빠 참새가 말했어요,0,,5020,15
*한 입씩 먹는 건 나쁘지 않다,5,1,5020,16
 다만 그러는 가운데도 위험은 도사리고 있는 법이니라,5,1,5020,17
 이제부터는 항상 더 조심하는 걸 잊지 마라,5,1,5020,18
 특히나 속이 비고 꼭대기에 작은 구멍이 있는 기다란 초록색 ‘장대’를 가지고 사람들이 정원을 이리저리 오갈 땐 특히 조심하거라*,5,1,5020,19
"*네, 아빠, 왁스가 발린 구멍을 초록색 잎사귀로 감싼 그 장대 말씀하시는 거지요*",5,1,5020,20
라며 아들이 말했어요,0,,5020,21
*네가 그걸 어찌 아느냐*,2,1,5020,22
*상인 ‘네’ 정원에 있을 때 봤어요*,2,1,5020,23
라며 새끼 참새가 말했어요,0,,5020,24
"*오, 내 아들아, 상인이란 ‘족속’들은 특히나 약샥 빠른 자들이란다*",2,1,5020,25
라며 아빠 참새가 말했어요,0,,5020,26
"*그런 사람들 틈에 있다 보면 네가 마치 약음에 대해 충분히 배운 거 같지만 세상은 그런 게 아니란다, 자만하면 안 돼요*",2,1,5020,27
그 후 아빠 참새가 둘째에게 물었어요,5,,5020,28
*너는 이번 여름을 어디서 보냈더냐*,5,1,5020,29
*궁전에서요*,5,1,5020,30
라며 아들이 말했어요,0,,5020,31
*그런 장소는 우리 참새들이나 분별없는 작은 새들에게 아무 짝에도 소용없다… ,5,1,5020,32
"도처에 온통 금이요, ‘벨벳’이요, 비단이요, 갑옷과 투구요, 마구며, 새매며, 부엉이며, ‘잿빛개구리매’들 뿐이잖느냐",5,1,5020,33
 사람들이 곡식을 까고 ‘탈곡’을 하는 ‘말 우리’에 머물며 매일 곡식을 조금씩 주어먹는 게 제격이니라*,5,1,5020,34
"*네, 아빠*",5,1,5020,35
라며 아들이 말했어요,0,,5020,36
*하지만 마구간에… 하인들이 밀짚으로 덫을 설치하고 매달아 놓으면 열에 아홉은 꼼짝없이 붙들리고 만다고요*,5,1,5020,37
*네가 그걸 어디서 본 게냐*,2,1,5020,38
라며 늙은 새가 말했어요,0,,5020,39
*궁전 마구간에서 일하는… 하인들이요*,2,1,5020,40
"*오, 내 아들아, 그런 몹쓸 놈들을 봤나! 하지만 넌 궁전의 군주들 사이를 날더라도 절대 깃털을 남겨선 안 되느니라, 세상을 헤쳐 나갈 많은 방법들을 배웠어야 하는데",2,1,5020,41
 항상 위를 쳐다보고 그 너머를 보려고 노력하거라,2,1,5020,42
 가장 현명한 개들도 가끔씩은 늑대들에게 잡아먹히기도 한단다*,2,1,5020,43
아빠는 셋째에게도 물어보셨어요,5,,5020,44
*너는 어디서 안전을 도모하였더냐*,5,1,5020,45
*시골길이나 큰 길들에 있는 통이나 밧줄들을 파헤치면 이따금씩 곡식이나 보리가 한 알씩 나왔어요*,5,1,5020,46
*그 참 고상한 요리니라*,5,1,5020,47
라며 아빠 참새가 말했어요,0,,5020,48
"*하지만 주변 경계를 늦추지 말거라, 특히 누군가 허리를 숙이고 돌멩이를 줍는 거 같거든 지체 없이 도망치거라*",5,1,5020,49
*참말로 그래요*,5,1,5020,50
라며 아들이 말했어요,0,,5020,51
*하지만 돌이나 광석 조각을 자기 가슴께나 호주머니 속에 숨기고 다니는 사람도 있던 걸요*,5,1,5020,52
*그건 또 어디서 본 게냐*,2,1,5020,53
"*‘산지’ 주민들 사이에서요, 아빠",2,1,5020,54
 그들은 밖에 외출할 때면 대개 몸에 광석 쪼가리들을 품고 다녀요*,2,1,5020,55
"*산지 주민들은 근면한 족속들이란다, 현명하기도 하지",2,1,5020,56
 네가 그들과 더 머물다보면 보고 듣는 게 더 많은 게다,2,1,5020,57
" 하지만 명심해두거라, 수많은 우리 참새들이 산지 소년들에게 붙들려 생을 끝맺는다는 것을 말이다*",2,1,5020,58
아빠 참새는 드디어 막내아들에게 물었어요,5,,5020,59
"*넌, 짹짹거리는 젖먹이 새로 형제들 중 가장 여리고 약하지 않더냐",5,1,5020,60
 넌 나와 살자구나,5,1,5020,61
" 세상은 구부러진 부리와 긴 발톱들을 가진 사납고 사악한 새들로 가득하단다, 그들은 숨어있다 너 같은 작은 새를 한 입에 꿀꺽하지",5,1,5020,62
 네 본성에 충실하며 나뭇가지 사이나 집에서 작은 거미나 유충들을 쪼아 먹고 살면 그 또한 평화롭게 여생을 누리며 살 수 있느니라*,5,1,5020,63
"*사랑하는 아버지, 그럼 누가 그를 먹여주고, 사람들로부터 보호해주었나요, ",5,1,5020,64
"그리고 누가 새매와, 독수리와, 솔개들로부터 그를 아침저녁으로 합당한 음식을 양식하게 했나요",5,1,5020,65
 신실한 하느님이십니다,5,1,5020,66
" 온 숲과 마을 새들의 창조자요 보호자시며, 아기 까마귀의 울음소리와 기도마저도 흘러듣지 않으시고, 어느 참새와 굴뚝새도 자신의 뜻이 아니고는 땅으로 떨어지게 하지 않으시는 분이시죠*",5,1,5020,67
*아니 넌 또 그걸 어디서 배운 게냐*,2,1,5020,68
아들이 대답했어요,0,,5020,69
"*강풍에 날려 저는 어느 교회로 날아가게 되었지요, 거기서 여름을 창문에 붙은 파리와 거미들을 쪼아 먹으며 지내다 설교 소리를 듣게 된 거예요",2,1,5020,70
" 그렇게 모든 참새들의 아버지께서 저를 여름 내내 보살펴주시고 먹여주시오, 저는 사나운 새들로부터도 무사할 수 있었고 큰 위해를 당하지 않은 겁니다*",2,1,5020,71
"*진실로, 네가 내 아들이다",1,1,5020,72
" 교회를 안식처를 정해 거미와 윙윙대는 파리들을 청소해주고, 어린 까마귀처럼 하느님께 귀의하게 되었구나, ",1,1,5020,73
"너는 모든 일이 잘 될 것이며, 평생을 온전히 사나운 새들로부터도 보호받으리라*",1,1,5020,74
"*하느님께 나아가는 자, 침묵 속에서 고통 받으며 기다리고 기도하는 자, 신앙과 양심을 순수하게 지키는 자, 진실로 하느님의 보호를 받으리라*",1,1,5020,75
 젖과 꿀이 흐르는 땅에 관한 이야기젖과 꿀이 흐르는 땅에 저는 간 적이 있습니다,5,,5021,1
 로마와 ‘라테란궁’이 작은 비단 실 하나에 매달려 있을 때지요,5,,5021,2
"거기선 발이 없는 사나이가 제일 빠른 말보다 더 빨리 달렸고, 예리하고 날카로운 칼로 다리 하는 그냥 싹둑 벨 수 있었지요",5,,5021,3
"휙휙 달리는 산토끼들을 쫓는 은빛 코를 지닌 어린 당나귀도 보았고요, 가지에 핫케이크가 자라는 거대한 라임 나무도 보았지요",5,,5021,4
저는 보았습니다,5,,5021,5
 거기선 야위고 늙은 염소 한 마리가 자기 몸무게만큼 짐을 가득 실은 수레 100대와 소금 마차 60대를 거뜬히 끌고 가는 것을요,5,,5021,6
제 말이 거짓말 같다고요?저는 심지어 말이나 소도 없이 쟁기 혼자서 밭 일을 하고 있는 것도 본 걸요,2,,5021,7
" 그리고 한 살짜리 갓난아기가 맷돌 네 개를 ‘레겐스부르크’에서 ‘트리어’까지 던졌다, 다시 ‘트리어’에서 ‘스트라스부르’까지 던지는 것을요",2,,5021,8
"그리고 라인 강을 거뜬히 헤엄쳐 건너는 매도 보았지요, 그땐 이게 당연했습니다",2,,5021,9
몇몇 물고기들이 서로 서로 소동을 벌이기 시작하는 바람에 그 소리가 천국에까지 가 닿는 것도 저는 들었고요,5,,5021,10
높은 산꼭대기에 있는 깊고 깊은 골짜기에서 달콤한 꿀이 물처럼 흐르는 것도 저는 보았답니다,5,,5021,11
 참 특이했지요,5,,5021,12
"풀밭에서 베개를 베고 누워 자는 까마귀 두 마리도 보았고요, 모기 두 마리가 ‘다리’를 건설하고 있는 것도 저는 보았습니다",5,,5021,13
" 두 비둘기가 늑대 한 마리를 갈기갈기 찢는 것도 보았고요, 두 어린아이가 두 아기를 낳는 모습도 보았지요",5,,5021,14
 그리고 두 개구리가 함께 곡식을 도리깨질하는 것도 보았고요,5,,5021,15
저는 보았습니다,5,,5021,16
" 거기서 두 생쥐가 주교님을 임명하고 있는 광경을요, 그리고 두 고양이가 곰의 혀를 긁는 것을요",5,,5021,17
그런 다음  뛰어올라 사나운 두 사자를 한 손으로 때려잡던 달팽이도 저는 보았고요,5,,5021,18
이발사가 서서 여성의 턱수염을 면도해주는 것도 보았고요,5,,5021,19
두 젖먹이 아이가 자기 엄마보고 입 좀 다무시라고 말하는 소리도 저는 똑똑히 들었답니다,5,,5021,20
저는 보았습니다,5,,5021,21
기기 두 그레이하운드가 강물에서 맷돌을 끄집어내는 것을 매우 유감스럽게 지켜보던 나이 든 말을요,5,,5021,22
그래도 그는 그게 옳다 말하더군요,5,,5021,23
"온 힘을 다해 마당에서 곡식을 도리깨질하며 서 있던 네 마리 말들도 보았고, 난로에 몸을 데우고 있던 두 염소도 보았고, 빵을 구우러 솥에 집어넣던 붉은 암소도 보았지요",5,,5021,24
"그때 수탉 한 마리가 울더군요, 꼬끼-오-꼬꼬-오!  이 이야기는 이게 다입니다",5,,5021,25
"그럼 우리 모두 한 번 외쳐볼까요, - 꼬끼-오-꼬꼬-오! ",5,,5021,26
 디트마르쉬의 허풍이야기 하나 해드릴게요,5,,5022,1
 통닭 두 마리가 날아가는 걸 보았거든요,5,,5022,2
" 어찌나 빨리들 날아가는지, 가슴을 하늘로 향하고, 등은 지옥으로 향하고 날아가던 걸요",5,,5022,3
 그리고 ‘모루’와 맷돌이… 라인 강을 귀엽고 느리게 그러면서도 우아하게 헤엄쳐 건너갔어요,5,,5022,4
‘성령 강림절 축제 기간’에 얼음 위에 앉아 있던 개구리 한 마리가 ‘쟁기’의 날을 먹어버렸어요,5,,5022,5
산토끼 한 마리를 잡으려던 ‘세’ 친구가 ‘목발’과 ‘죽마’를 타고 갔지요,2,,5022,6
" 그 중 한 명은 귀머거리였고, 두 번째 사람은 장님, 세 번째 사람은 벙어리, ‘네’ 번째 사람은 한 발짝도 못 떼는 사람이었죠",2,,5022,7
"그럼 누가 산토끼를 잡았게요?우선, 장님이 들판을 가로지르며 달리는 산토끼를 발견했고요, 벙어리가 절름발이에게 소리쳐 알렸고요, 절름발이가 산토끼의 목덜미를 움켜잡아 잡았지요",2,,5022,8
"돛을 달고 육지를 항해하길 바라는 어떤 남자들이 있었는데, 바람 부는 방향으로 돛을 죄다 펼치더니 드넓은 들판들을 가르며 항해해나갔답니다",2,,5022,9
 그러다 높은 산을 하나 넘다 그만 모두 끔찍스럽게도 물에 빠져 죽고 말았답니다,2,,5022,10
"‘게’ 한 마리가, 전속력으로 달아나고 있는 산토끼 한 마리를 쫓고 있었지요",2,,5022,11
 지붕 위로 높이 뛰어오른 젖소 한 마리가 거기가 제 집인 양 누워 자네요,5,,5022,12
그 ‘지역’의 파리들은 이곳의 염소만큼이나 커요,5,,5022,13
"창문을 열어보세요, 거짓말들이 방실거리며 날아가고 있을 테니까요",5,,5022,14
세 여인이 들판에서 자라는 꽃들로 변했지요,5,,5023,1
하지만 그들 중 한 여인에게는 밤에 자기 집에서 보낼 수 있는 특권이 허락되었지요,5,,5023,2
동틀 무렵이 되면 그녀는 들판의 동무들 곁으로 되돌아와 다시 한 송이 꽃이 되었답니다,5,,5023,3
하루는 그녀가 자기 남편에게 말했어요,5,,5023,4
"*오늘 오후에 오셔서 저를 따 주세요, 그럼 저는 마법에서 풀려나 당신과 쭉 함께 지낼 수 있을 거예요*",5,1,5023,5
남편이 그 말대로 했어요,5,,5023,6
"자 이제부터 질문, 그럼 그녀의 남편은 어떻게 다 똑같은 꽃송이들 중에서 그녀를 다른 꽃들과 구별해낼 수 있었을까요? 맞춰보세요",5,,5023,7
" 정답 : 그녀는 그날 밤 동안 들판이 아닌 집에 있었기에, 그녀 위로 어떤 이슬방울도 맺히지 않았던 거지요",5,,5023,8
 그 반면 들판에서 밤을 지낸 다른 꽃들 위엔 방울방울 이슬이 맺혀있었던 거죠,5,,5023,9
 이 방법으로 남편은 그녀를 구별할 수 있었답니다,5,,5023,10
외딴 오두막에 사는 어느 가난한 과부가 옛날에 한 명 있었답니다,5,,5024,1
"오두막 앞마당엔 두 그루의 장미 나무가 자라고 있었는데, 하는 흰 장미들이 피는 나무였고, 또 하나는 빨간 장미들이 피는 나무였지요",5,,5024,2
그녀에겐 또한 그 두 그루 장미나무를 닮은 딸이 둘 있었답니다,5,,5024,3
" 하나는 ‘흰눈’이라 불리는 아이였고, 또 한 아이는 ‘빨간 장미’라 불리는 아이었지요",5,,5024,4
그 애들은 세상의 어느 아이들처럼 해맑고 착하고 분주하고 기분이 상쾌한 아이들이었어요,1,,5024,5
"특히 ‘흰눈’이는 ‘빨간 장비’보다 더 차분하고 온화했지요, 반면 빨간 장미는 풀밭이나 들판을 뛰어다니며 나비를 쫓아다니거나 꽃을 따기를 더 좋아했지요",1,,5024,6
"하지만 흰눈이는 엄마와 집에 앉아 집안일을 돕는 걸 더 좋아라했어요, 할 일이 없을 땐 엄마에게 책을 읽어주곤 하면서 보냈지요",1,,5024,7
두 딸들은 서로를 아주 좋아해 언제나 손을 꼭 잡고 다닐 정도였어요,1,,5024,8
흰눈이가 ,1,,5024,9
*우리 절대 헤어지지 말자*,1,1,5024,10
"라고 말하면, 빨간장미가 ",1,,5024,11
*그래 하늘만큼 땅만큼 절대로*,1,1,5024,12
"라고 대답했지요, 그럼 엄마가 ",1,,5024,13
*서로 언제나 나눠가지렴*,1,1,5024,14
라고 덧붙여주었지요,0,,5024,15
아이들은 둘만 따로 숲을 돌아다니며 산딸기를 따 모았답니다,1,,5024,16
"그래도 어떤 짐승들도 그들을 해코지하지 않았죠, 그냥 그 애들을 신뢰해 가까이 다가오기까지 한 걸요",1,,5024,17
" 귀여운 산토끼가 그 애들이 손에 담아주는 양배추 이파리들을 먹곤 했고요, 노루가 그들 바로 곁에서 풀을 뜯었고요, 수사슴이 폴짝폴짝 그들 옆에서 뛰어다니곤 했지요",1,,5024,18
 그리고 나뭇가지들 위에 앉은 새들이 자신들이 아는 노래는 뭐든 불려주곤 했답니다,1,,5024,19
그러니 불운이 그들을 덮칠 틈이 없었죠,1,,5024,20
"그래도 가끔씩 너무 늦게까지 숲에 머물다 어둠이 깔릴 때면 그 애들은 이끼 위에 나란히 누워 아침이 밝아올 때까지 잠을 잤더랬죠, 엄마도 그걸 잘 알았기에 걱정하지 않았답니다",1,,5024,21
"한번은 그들이 숲에서 밤을 보내고 동이 텄을 때 깨어나 보니, 그들 곁에 빛나는 흰 옷을 입은 한 아름다운 아이가 보이지 뭐예요",2,,5024,22
그가 일어나더니 그녀들을 아주 상냥하게 바라보며 아무 말 없이 숲으로 사라져버렸답니다,2,,5024,23
"그녀들이 주변을 둘러보니 그녀들이 잠이 들었던 곳 바로 가까이가 바로 절벽이었던 거예요, 하마터면 어둠 속에서 몇 발자국만 더 걸었더라도 낭떠러지에 떨어졌을 뻔했던 거지요",2,,5024,24
엄마가 그녀들에게 말했어요,5,,5024,25
*그건 아마도 착한 아이를 지켜주는 천사님이셨던 모양이구나*,5,1,5024,26
"흰눈이와 빨간 장미는 엄마의 예쁜 오두막집을 깔끔하게 했기에, 안을 들여다보는 건 늘 기쁨이었답니다",5,,5024,27
"여름이면 빨간 장미가 집을 정리정돈 했는데, 매일 아침 엄마가 일어나시기 전 침대 맡에 꽃 화환을 올려다놓았지요, 장미나무에서 따온 장미 하나씩이 달린 화환이었죠",5,,5024,28
겨울이면 흰눈이가 난로에 불을 피우고 솥을 올려놓았지요,5,,5024,29
 구리로 만든 그 솥을 흰눈이가 어찌나 닦고 또 닦았는지 금처럼 반짝반짝 빛이 났답니다,5,,5024,30
저녁에 눈송이가 내리자 엄마가 말했어요,5,,5024,31
"*얘, 흰눈아, 문을 잠그거라*",5,1,5024,32
그런 다음 그들은 난로 주위에 앉았어요,5,,5024,33
 엄마가 안경을 끼시더니 커다란 책을 하나 꺼내 읽어주시면 두 소녀들은 그 옆에서 실을 만들며 열심히 들었지요,5,,5024,34
"그들 가까이에 어린 양 한 마리도 바닥에 드러누워 있었고요, 그들 뒤에 있던 횃대에 흰 비둘기 한 마리가 앉아선 날개 밑에 고개를 푹 처박고 있었지요",5,,5024,35
"그러던 어느 날 저녁 한 번은, 모두가 그렇게 편안히 모여 앉아 있는데, 문 쪽에서 누군가가 마치 들어오길 원하는 듯 ",5,,5024,36
*퉁퉁*,5,1,5024,37
 문을 쳐댔어요,5,,5024,38
엄마가 말했지요,5,,5024,39
"*어서, 빨간 장미야, 문을 열어봐라, 안식처를 찾는 나그네일 게다*",0,1,5024,40
"빨간 장미는 그게 불쌍한 남자일 거라 생각하고 가 문을 열었는데, 사람이 아니라 펑퍼짐한 검은 머리가 문 안쪽으로 쑥하고 들어오지 뭐예요",2,,5024,41
"빨간 장미가 비명을 지르며 뒤로 도망쳤고요, 어린 양은 ",2,,5024,42
*매애*,2,1,5024,43
"하고 울었고요, 비둘기는 푸드득거렸고요, 흰눈이는 엄마 침대 뒤로 숨었어요",2,,5024,44
하지만 그 곰은 이렇게 말하기 시작했어요,5,,5024,45
"*해칠 생각은 없습니다, 누구도 해치지 않을 거예요! 밖이 너무 추워 몸이 반쯤 얼어 당신들 곁에서 몸 좀 녹이고 싶을 뿐입니다*",5,1,5024,46
*가엾은 곰아*,5,1,5024,47
라며 엄마가 말했어요,5,,5024,48
"*불 가로 와 누우렴, 너무 가까이 가 네 털에 불이 옮겨붙지 않게 조심하구*",5,1,5024,49
그런 다음 그녀가 소리쳤어요,5,,5024,50
"*흰눈아, 빨간 장미야, 나오렴, 곰은 너희들을 해치지 않을 거래, 이젠 안전하단다*",5,1,5024,51
"그래서 그들이 나왔지요, 뒤이어 어린 양과 비둘기고 가까이 다 나왔답니다",5,,5024,52
 이젠 곰이 무섭지 않았거든요,5,,5024,53
곰이 말했어요,0,,5024,54
"*얘들아, 와서, 내 털에 붙은 눈 좀 털어주겠니*",5,1,5024,55
그래서 그들이 빗자루를 자여와 곰의 털을 말끔히 털어주었어요,5,,5024,56
곰은 불가 옆에 몸을 쭉 뻗고 누워서는 만족하고 포근한지 드르렁거렸지요,5,,5024,57
"머지않아 분위기가 포근해지자, 아이들이 이 서툰 손님을 가지고 장난을 치기 시작했어요",1,,5024,58
"그들은 곰의 머리카락을 두 손으로 세게 잡아당기고, 자신들의 발을 곰의 등에다 대고 막 두드렸지요",1,,5024,59
" 아니면 개암나무 회초리로 곰을 막 때렸어요, 그러다 곰이 으르렁거리면 그들은 웃음을 터뜨렸지요",1,,5024,60
하지만 곰도 그 놀이에 한 일원으로써 참여했답니다,1,,5024,61
 다만 아이들의 장난질이 좀 심하다 싶을 땐 이렇게 으름장을 놓았죠,1,,5024,62
"*나 좀 살려줘라, 얘들아, 꼭 그렇게 너희들의 연인을 죽여야 쓰겠니, 흰눈아, 빨간 장미야*",1,1,5024,63
잠잘 시간이 되자 모두들 침대로 갔지요,1,,5024,64
엄마가 곰에게 말했어요,1,,5024,65
"*곰은 난로 옆에 자렴, 거기라면 추위와 나쁜 날씨로부터 안전하단다*",1,1,5024,66
"곧 동이 트자 아이들은 곰을 보내주었어요, 곰이 눈을 헤치며 숲 속으로 성큼성큼 걸어가버렸거든요",1,,5024,67
이후 그 곰은 저녁마다 동일한 시간에 와 난로 옆에 드러누웠답니다,1,,5024,68
 그리고 아이들이 좋을 대로 장난을 치게 내버려두었지요,1,,5024,69
 그래서 아이들은 곰에게 너무도 익숙해져서 이 검은 친구가 도착하기 전까진 절대 문을 잠그지 않는 버릇이 생겼답니다,1,,5024,70
"봄이 되어 만물이 쏟아나자, 곰이 하루는 아침에 흰눈에게 말했어요",5,,5024,71
"*난 이제 가봐야 해, 여름동안은 돌아올 수 없을 거야*",5,1,5024,72
"*왜, 어디 가는데, 귀여운 곰아*",5,1,5024,73
라며 흰눈이 말했어요,5,,5024,74
"*숲에 가야해, 가서 사악한 난쟁이들로부터 내 보물들을 지켜야한단다",0,1,5024,75
" 땅이 꽁꽁 언 겨울엔 그들이 지하에 머무니 나올 일이 없는데, 하지만 지금 같이 눈서리와 땅이 녹은 때엔, 난쟁이들이 땅을 헤집고 나와 그동안 내가 모아놓은 보물들을 훔쳐간단다",5,1,5024,76
 일단 난쟁이들이 자기들의 동굴 속으로 가져간 것들은 쉽게 다시 되찾기가 너무도 어려워서 그래*,5,1,5024,77
곰이 그렇게 가버리려 하자 흰눈이는 아주 슬펐어요,4,,5024,78
" 그래서 그를 위해 망설이며 문을 열어주었더니, 곰이 나가다 그만 털 한 움큼이 찢어지고 말았답니다",4,,5024,79
 그런데 그게 흰눈이 눈엔 꼭 반짝이는 황금으로 보였더랬죠,4,,5024,80
 하지만 흰눈이도 확실했던 건 아니예요,4,,5024,81
곰은 그렇게 서둘러 나가더니 곧 나무들 뒤로 모습을 감추고 말았답니다,4,,5024,82
"잠시 후 엄마가 두 딸을 숲으로 보내 나무를 주워오게 했어요, 땔나무요",5,,5024,83
"그들이 땅바닥에 누워 있는 큰 나무를 발견했는데, 나무줄기 바로 옆에서 뭔가가 잔디 앞뒤로 폴짝폴짝 뛰고 있지 뭐예요",5,,5024,84
 그들로선 그게 뭔지 감도 잡을 수 없었죠,5,,5024,85
그들이 좀 더 다가가보니 그건 쭈글쭈글 주름이 진 얼굴을 하고서 눈송이처럼 하얀 수염을 1미터까지 늘어뜨리고 있던 난쟁이이지 뭐예요,5,,5024,86
"그러니까 그의 수염 끝 한쪽이 나무의 갈라진 틈에 꼭 끼여 이 작은 친구가 끈에 묶인 강아지 마냥 앞뒤로 폴짝거리고 있었던 거예요, 어찌할 줄을 모르고서 말이죠",5,,5024,87
난쟁이가 시뻘건 눈을 하고서 소녀들을 노려보다 소리쳤어요,5,,5024,88
*뭘 보고 섰는 거야? 와서 도와야할 거 아냐*,5,1,5024,89
"*거기서 뭐하시는데요, 난장이 아저씨*",5,1,5024,90
라며 빨간 장미가 물었어요,5,,5024,91
"*보면 몰라, 이 바보 멍청이들아*",5,1,5024,92
라며 난쟁이가 대답했어요,0,,5024,93
*요리에 쓸 땔감을 구하러 이 나무를 찢어가려던 거다,5,1,5024,94
 우리 난쟁이들은 음식 하나도 곧잘 두꺼운 나무에 구워 먹으니까,5,1,5024,95
 너희 탐욕스런 인간들처럼 거친 음식은 삼키지 못해,5,1,5024,96
" 그래서 안전하게 이 나무속에 쐐기 박고 모든 게 생각대로 되려던 찰나에, 이 망할 놈의 나무가 너무 부드러워 쐐기가 도로 튀어나오는 바람에, 나무가 너무도 갑자기 오므라들어 내 이 아름다운 흰색 수염이 끼었지 뭐니",5,1,5024,97
" 너무 꼭 끼는 바람에 꼼짝달싹 못하고 있다, 이 어리석고 번지르르하고 우유빛깔 얼굴들을 한 것이 지금 웃음이 나와! 응! 요런 얄미운 것들이 있나*",5,1,5024,98
"  아이들이 힘을 써보았어요, 하지만 수염을 뽑을 수가 없었죠",2,,5024,99
 너무 꼭 끼어 있었거든요,2,,5024,100
*내가 가서 누구라도 불러올게*,2,1,5024,101
라며 빨간 장미가 말했어요,2,,5024,102
*이 센스 없는 멍청아*,2,1,5024,103
라며 그 난쟁이이가 발끈해하며 말했어요,2,,5024,104
"*누굴 왜 불러오려고? 너희 힘은 뒀다 뭐하게, 뭐라도 좀 더 나은 생각을 하들 못해*",2,1,5024,105
*조급해마세요*,2,1,5024,106
라며 흰눈이 말했어요,0,,5024,107
*어떻게든 도와볼 테니까요*,2,1,5024,108
 그러면서 그녀가 가위를 호주머니에서 꺼내더니 싹둑 하고 수염 끝을 잘라버렸답니다,2,,5024,109
풀려나자마자 난쟁이는 나무뿌리 사이에 놓아두었던 금이 잔뜩 든 보따리를 움켜 안으며 엄청 투덜거리면서 말했어요,2,,5024,110
"*인간들은 죄다 글러먹었다니까, 내 고운 수염을 자르다니",2,,5024,111
 애끼 이 버릇없는 것들*,2,1,5024,112
그러더니 보따리를 등에 둘러메곤 아이들에겐 눈길 한 번 주지 않고 횡 하니 사라져버렸어요,2,,5024,113
얼마 후 흰눈이와 빨간 장미가 물고기를 한 마리 잡으러 갔어요,5,,5024,114
그들이 개울가에 도착해보니 거대한 메뚜기 한 마리 같은 게 막 물 앞에서 금방이라도 물에 풍덩할 거처럼 폴짝폴짝 점프를 해대고 있지 뭐에요,5,,5024,115
그녀들이 뛰어가 보니 그건 그 난쟁이였어요,5,,5024,116
*또 뭘 하고 계세요*,5,1,5024,117
라며 빨간 장미가 말했어요,0,,5024,118
*물에 뛰어들려는 건 아닌 거 같은데요*,5,1,5024,119
*내가 바본 줄 알아*,5,1,5024,120
라며 난쟁이가 발끈해 소리쳤어요,5,,5024,121
*저 빌어먹을 물고기가 나를 끌어당기고 있는 게 안 보여*,5,1,5024,122
"그래요, 난쟁이가 낚시를 하려고 앉아 있다 나쁜 마음씨를 가진 바람이 휙 하고 그의 수염을 낚싯줄에 꼬아놓았던 거예요, 그러자마자 큰 물고기 한 마리가 덥석 그 수염을 물었던 거지요",5,,5024,123
" 게다가 힘없는 난쟁이는 그걸 도로 잡아당길 만큼 힘이 없던지라, 물고기가 도리어 그를 계속해서 자기 쪽으로 당기고 있어서 이 사단이 난 거였어요",5,,5024,124
난쟁이는 주변의 풀 조각들을 죄다 잡아보며 버텨보았지만 모두 헛수고였죠,5,,5024,125
 점점 물고기 쪽으로 끌려가 조금만 더 있었다가는 완전히 물에 빠져 죽게 생겼던 거예요,5,,5024,126
마침 시기적절하게 소녀들이 도착한 거지요,5,,5024,127
소녀들이 그를 단단히 잡고 낚싯줄에서 수염을 풀어보려 시도해보았지만 모두 허사였어요,2,,5024,128
수염이 자기들끼리 너무 단단히도 헝클어져 있었거든요,2,,5024,129
결국 어쩔 수 없이 이번에도 가위를 꺼내 수염을 싹둑 잘라주었지요,2,,5024,130
 그래서 수염이 조금 또 잘리게 되었답니다,2,,5024,131
그걸 본 난쟁이는 비명을 질러댔죠,2,,5024,132
*저 독버섯 같은 것들이 내 얼굴을 망가뜨려놓은 것 좀 봐? 내 수염 한쪽을 또 잘랐어? 그것도 가장 보기 좋은 수염을 잘랐다고,2,1,5024,133
 이제 어떻게 내 친구들에게 얼굴을 내밀어,2,1,5024,134
 이 신발짝보다 못한 것들아*,2,1,5024,135
"그런 다음 난쟁이는 수풀들 속에 놓아두었던, 진주가 가득 든 자루를 꺼내들더니, 고맙단 말 한마디 남기지 않고 휙 하니 돌 뒤로 사라져버렸답니다",2,,5024,136
그러다 머지않아 제대로 사단이 벌어지고 말았죠,2,,5024,137
엄마가 두 아이를 마을로 보내 바늘과 실 그리고 레이스와 리본들을 사오게 심부름을 보냈답니다,5,,5024,138
그러려면 거대한 바위가 여기저기 흩뿌려져 있는 황야를 지나야했지요,5,,5024,139
그런데 큰 새 한 마리가 공중에서 빙빙 돌더니 천천히 소녀들 상공을 돌더니 천천히 또 천천히 내려오더니 급기야 소녀들 바로 근처에 앉지 뭐예요,3,,5024,140
곧바로 크나크고 도움을 요하는 비명 소리가 들려왔어요,3,,5024,141
소녀들이 뛰어 올라가보니 독수리가 낯이 익은 그 난쟁이를 움켜잡고는 날아오르려 하고 있던 찰나였어요,3,,5024,142
아이들은 난쟁이가 가엾단 생각에 그를 꼭 붙잡고서 독수리를 상대로 줄다리기를 오랫동안 하였답니다,3,,5024,143
마침내 독수리가 포기하고 노획물을 두고 날아가 버렸지요,3,,5024,144
감금상태에서 풀려나자마자 난쟁이는 새된 목소리를 꽥 지르더니 말했어요,3,,5024,145
"*더 조심해서 당겼어야지! 너희들이 내 갈색 외투를 너무 세게 잡아당기는 바람에 다 찢어지고 구멍투성이가 되고 말았잖아, 이 천하에 도움 안 되는 꼴사나운 인간들아*",3,1,5024,146
그러더니 그는 보석들이 잔득 든 자루를 집어 들더니 바위 아래에 있던 구멍 속으로 또다시 쏙 미끄러져 들어가 사라지고 말았지요,5,,5024,147
이때쯤에는 소녀들도 이 배은망덕한 난쟁이에게 익숙해있던 터라 가던 길을 계속 가 마을로 가 물건들을 샀더랬죠,5,,5024,148
"그녀들이 집에 돌아가려고 그 황야를 다시 건너는데, 이렇게 늦게까지 황야에 누가 올 거라곤 전혀 생각지 못한 그 난쟁이가 자신의 자루에서 보석들을 깨끗한 땅바닥 위에 죄다 쏟아붓고 있다, 소녀들을 발견하곤 화들짝 놀라고 말았죠",5,,5024,149
그 보석들이 저녁놀을 받아 사방으로 빛을 내뿜고 있었답니다,5,,5024,150
보석들이 어찌나 아름답게 사방사방 사방으로 빛을 발하며 반짝이는지 그만 아이들도 입이 딱 벌려져 멍하니 바라보고 있었지 뭐예요,5,,5024,151
*왜 거기 우두커니 서 있는 게야*,5,1,5024,152
라며 난쟁이가 꽥 하고 소리를 질렀어요,5,,5024,153
 회색 잿빛이던 그의 얼굴은 이제 분노로 시뻘건 구릿빛이 되어 있었어요,5,,5024,154
" 난쟁이가 막 욕을 하려던 찰나, 으르렁거리는 소리가 크게 한 번 들리더니, 그 검은 곰이 숲에서 나와 그들 쪽으로 빠른 걸음으로 달려오고 있었어요",2,,5024,155
"  난쟁이가 기겁을 하며 펄쩍 뛰었지만, 도로 자신의 동굴 속으로 들어가진 못했어요, 그 곰이 이미 너무도 가까이에 와 있었거든요",2,,5024,156
그때 애간장이 다 무너지는 소리로 난쟁이가 소리쳤어요,2,,5024,157
"*곰 씨, 제발, 저를 살려주세요, 내 모든 보물들을 드리리다",2,1,5024,158
" 보시구려, 여기 놓은 이 아름다운 보석들을! 그러니 내 생명만 살려주시오, 나 같은 쪼무라기를 어찌해서 무얼 하겠소? 간에 기별도 가지 않을 게요",2,1,5024,159
" 자, 여기 이 마음씨 나쁜 소녀들을 잡아먹으시구려, 얘들은 살이 보드라워 식욕을 돋우기에 그만이오, 살찐 메추라기란 말이오",2,1,5024,160
 자 얘네 들을 드시고 난 살려주시오*,2,1,5024,161
난쟁이의 말에 곰은 한 마디 대꾸도 않고 그냥 자신의 앞발로 인정사정없이 이 사악한 자식을 한 방 갈겨버렸지요,2,,5024,162
 그리하여 난쟁이는 두 번 다시 움직이지 못했지요,2,,5024,163
아가씨들은 너무 놀라 달아나기 시작했어요,2,,5024,164
하지만 그 곰이 아가씨들을 향해 소리쳤어요,2,,5024,165
"*흰눈이와 빨간 장미, 두려워마요, 기다리라고, 나랑 같이 가줘*",2,1,5024,166
그제야 그녀들은 그 목소리를 알아보곤 기다렸지요,5,,5024,167
 그가 다가왔을 때 보니 순식간에 그의 곰 가죽이 벗겨지지 뭐예요,5,,5024,168
온통 황금인 옷을 입은 잘생긴 남자가 거기 서 있었답니다,5,,5024,169
*나는 실은 왕자요*,1,1,5024,170
라며 그가 말했어요,0,,5024,171
"*난 저 사악한 난쟁이의 마법에 걸렸던 것이오, 내 보물들을 훔쳐간 저 자 말이오",1,1,5024,172
 그가 나를 야만적인 곰으로 변신시켜 숲을 헤매고 다니게 했소,1,1,5024,173
 이제 난쟁이가 죽어 내가 마법에서 풀려난 거랍니다,1,1,5024,174
 그는 지금 죽어 마땅한 응보를 받은 거예요*,1,1,5024,175
흰눈이는 그와 결혼했어요,1,,5024,176
 그리고 빨간 장미는 그의 동생과 결혼했지요,1,,5024,177
그들은 난쟁이가 자신의 동굴에 모아놓았던 막대한 보물들을 사이좋게 나누어가졌답니다,1,,5024,178
나이 드신 엄마도 수년 동안 딸들과 함께 행복하고 평화롭게 살았지요,1,,5024,179
"엄마는 두 그루의 장미나무를 가지고 딸들에게 갔었는데, 창문 앞에 심어놓았답니다",1,,5024,180
그래서 그 장미나무에선 매년 희고 새빨간 가장 아름다운 장미꽃들이 피어났답니다,1,,5024,181
"만약 지시받은 대로만 하지 않고 자신의 지혜에 따라 일을 처리하는 영리한 하인이 있다면, 그의 주인과 가정에 얼마나 복된 일이겠어요",5,,5025,1
"바로 그런 사람이었던 영리한 ‘존’이 한 번은, 자기 주인에 의해 집 나간 소를 찾아오라 지시를 받고 밖으로 나갔지요",5,,5025,2
"그가 한 참도록 오지 않자, 주인이 생각했지요",5,,5025,3
"‘역시 충실한 존이야, 자기 일에 열심히 구나!",5,,5025,4
"그런데 전혀 돌아올 기미가 보이지 않자, 주인은 그에게 뭔 사고가 난 게 아닌지 염려가 되어 직접 그를 찾으러 나섰지요",5,,5025,5
주인은 한 참을 찾다 마침내 큰 들판을 위 아래로 뛰어다니고 있는 그 하인을 발견했답니다,5,,5025,6
"*어이, 존*",5,1,5025,7
라며 주인은 그가 있는 곳까지 나아갔을 때 말했지요,5,,5025,8
*찾으라고 보낸 소는 발견했니*,5,1,5025,9
"*아뇨, 주인님*",5,1,5025,10
라며 그가 대답했어요,0,,5025,11
"*소라곤 단 한 마리도 못 본 걸요, 게다가 저는 그걸 찾았던 것도 아니고요*",5,1,5025,12
"*그럼 뭘 찾아다녔던 거니, 존*",5,1,5025,13
"*더 좋은 거요, 기가 막힌 걸 발견했거든요*",5,1,5025,14
"*그게 뭔데, 존*",5,1,5025,15
*지빠귀 세 마리요*,5,1,5025,16
라며 하인이 대답했어요,0,,5025,17
*그게 어디 있는데*,5,1,5025,18
라며 주인이 물었죠,0,,5025,19
"*한 마리는 보이고, 다른 한 마리는 들리고, 지금 세 번째 녀석을 뒤쫓고 있어요*",5,1,5025,20
라며 영리한 하인이 대답했어요,0,,5025,21
"이 사례에서 보셨다시피, ‘여러분들의 주인’과 ‘지시사항’들에 골머리를 앓지 마시고 스스로 머리를 좀 굴려 보세요",5,,5025,22
"몸이 편해진답니다, 그럼 여러분들도 총명한 존만큼이나 영리하다는 말을 들으며 살 수 있으세요",5,,5025,23
가난한 재봉사가 큰일을 도모할 수 없고 명성을 누리지 못하리라 누구도 말하지 마세요,5,,5025,24
"중요한 건 그가 옳은 길로 가고 있는가, 그리고 그 일이 중요한 줄을 아는가, 그리고 결국 운을 거머쥐었는가 하는 거지요",5,,5025,25
친절하고 솜씨 좋은 수습 재봉사 한 명이 한 번은 세상을 여행하다 울창한 숲에 들어가게 되었는데 어찌나 숲이 울창한지 길이고 뭐고 완전히 방향감각을 잃고 말았답니다,5,,5025,26
"밤이 내리자, 머물 곳이 아무 것도 없어서, 울적한 고독을 달랠만한 잠자리 비슷한 거라고 찾게 되었지요",5,,5025,27
"그는 분명 보드라운 이끼 같은 푹신한 잠자리를 찾았는지 몰라요, 하지만 그리되면 야생 들짐승들 탓에 무사할 수 없겠죠",5,,5025,28
 마침내 그가 어쩔 수 없이 나무속에서 밤을 지샐 결심을 하게 되었답니다,5,,5025,29
"때마침 높은 떡갈나무 하나를 발견했기에, 그 꼭대기에 올라가, 잠자리를 주신 하느님께 감사기도를 올렸답니다",5,,5025,30
"그렇지만 바람이 웬만큼 쌔야죠, 그 나무꼭대기에서 정말이지 날아가지 않은 게 다행일 정도였죠",5,,5025,31
무섭고 떨면서 어둠 속에서 몇 시간을 보낸 그의 눈에 그리 멀지 않은 곳에 어렴풋한 불빛이 보였어요,5,,5025,32
 아무래도 사람이 거기 사는 것 같았어요,5,,5025,33
 나뭇가지 위보단 거기가 낫겠다 생각한 그가 조심해가며 내려와 그쪽으로 향했지요,5,,5025,34
그건 갈대와 수풀로 엮은 자그마한 오두막이었어요,5,,5025,35
그가 용기를 내 노크를 하니 문이 열리더니 불빛이 새어나오는 가운데 다채로운 옷감으로 꿰매 만든 망토를 입은 백발의 노인 난쟁이 한 명이 나왔어요,2,,5025,36
"*누구요, 뭘 바라슈*",2,1,5025,37
라며 난쟁이가 불평스런 목소리로 말했어요,2,,5025,38
*저는 가련한 재봉사입니다*,2,1,5025,39
라며 그가 대답했어요,0,,5025,40
"*황야 여기서 하룻밤만 묵을 수 없을까 해서요, 부탁드리니 아침까지만 당신의 오두막에서 머물게 해주십시오*",2,1,5025,41
*썩 가시오*,2,1,5025,42
라며 노인이 퉁명스런 어조로 대꾸했어요,2,,5025,43
*뜨내기들관 엮이긴 싫소,2,1,5025,44
 다른 데 가서 숙소를 알아보시오*,2,1,5025,45
"이 말과 함께 그가 막 문을 세차게 닫으려는데, 재봉사가 그의 망토를 부여잡으며 사정 사정 통사정을 하며 부탁을 드렸지요",2,,5025,46
그 바람에 원래 모진 사람이 아니었던 그 노인이 동정심이 생겨 마음이 누그러지며 그를 안으로 들이고 먹을 것도 좀 주었답니다,5,,5025,47
 그리곤 구석 좋은 침대에서 누울 수 있게 해주었지요,5,,5025,48
워낙에 고단하던 재봉사에게 자장가도 필요 없었죠,5,,5025,49
 아침까지 꿀잠을 잤거든요,5,,5025,50
 아마도 엄청난 소음이 그를 깨우지 않았다면 절대 일어날 생각을 하지 않았을 정도로요,5,,5025,51
비명소리와 으르렁거리는 굉음이 난폭하게 오두막의 얇은 벽을 뚫고 들려왔어요,2,,5025,52
이례적으로 용기가 난 재봉사가 화들짝 일어나 옷을 급히 챙겨 입곤 나가보았어요,2,,5025,53
오두막 바로 가까이에서 엄청 큰 검은 황소 한 마리와 아름다운 수사슴이 죽기 살기로 싸울 준비를 하고 있지 뭐예요,2,,5025,54
곧 그들이 서로에게 달려들더니 땅이 흔들릴 정도로 서로를 밟아 뭉개기 시작했어요,2,,5025,55
공기가 그들의 기합소리에 맞추어 진동할 정도였지요,2,,5025,56
한참이 지나도록 어느 쪽이 이길지 점칠 수가 없었어요,2,,5025,57
 그때 마침내 수사슴이 자신의 뿔로 적의 몸통을 꿰뚫는데 성공했어요,2,,5025,58
" 그 즉시 황소가 엄청난 굉음을 내지르며 땅에 쓰러졌고, 수사슴이 연이어 몇 방 더 먹이자 황소도 완전히 절명하고 말았죠",2,,5025,59
"기겁을 하며 지켜보고 있던 재봉사가 꼼짝달싹도 못하고서 서 있기만 하는데, 재봉사가 정신을 차리고 달아나기도 전에, 승리감에 취한 그 수사슴이 오더니 자신의 거대한 뿔로 재봉사를 붙들어버렸어요",3,,5025,60
재봉사는 생각할 겨를이 없었어요,3,,5025,61
 왜냐면 수사슴이 너무도 빨리 돌이며 나무밑동이며 산이며 골짜기며 숲이며 늪을 날쌔게 뛰어넘으며 달리는 바람에 재봉사로선 정신을 차리려야 차릴 수가 없었던 거지요,3,,5025,62
  그는 두 손으로 뿔의 윗부분을 잡고 있기에 급급해하며 자신의 운명을 한탄하며 날아가고 있다는 인상만 받았더랬죠,3,,5025,63
마침내 수사슴이 ‘암벽’ 앞에 멈추더니 서서히 재봉사를 내려주었어요,3,,5025,64
살았는지 죽었는지 정신을 못차리겠는 재봉사는 그러고도 한참이 지나서야 가까스로 정신을 차릴 수가 있었답니다,5,,5025,65
그가 좀 회복될 때까지 그 수사슴이 그의 옆에서 지키고 서 있다 뿔로 암벽에 있던 문을 세게 밀었지요,5,,5025,66
 그랬더니 문이 덜컹하고 열렸어요,5,,5025,67
 곧 그 문에서 불길이 뿜어져 나오더니 뒤이어 거대한 연기가 자욱이 피어나며 수사슴의 모습을 삼켜버렸어요,5,,5025,68
"그 바람에 재봉사로선 어찌해야할 바를 몰랐어요, 거기서 돌아 나와 이 황무지를 빠져나가 다시 사람들에게로 가야할지 말아야할지를 말이죠",5,,5025,69
"그가 갈팡질팡 서 있자니, 돌에서 목소리 하나가 들리며 그를 불렀어요",5,,5025,70
"*겁내지 말고 들어오시오, 당신을 해칠 건 아무것도 없소*",5,1,5025,71
그는 못내 머뭇거리다 뭔가 알수 없는 힘에 이끌려 그 목소리의 말을 따라 철제 문을 통과해 들어갔지요,5,,5025,72
 철제 문 안에는 거대하고 넓은 홀이 하나 나왔어요,5,,5025,73
 그 천정과 별들과 마루는 죄다 반짝반짝 빛나는 사각형 대리석들이었어요,5,,5025,74
 그 대리석들 하나하나에는 그가 모를 글씨들이 새겨져 있었어요,5,,5025,75
"그가 경탄해마지 않아하며 쳐다보고 있자니, 다시 지침 같은 목소리가 들려왔어요",5,,5025,76
"*홀 가운데 놓여 있는 돌을 밟으시오, 큰 행운이 당신을 기다리고 있소이다*",5,1,5025,77
그는 이미 충분히 들뜬 상태인지라 그 말을 따를 충분한 준비가 되어 있었지요,5,,5025,78
발로 그 돌을 밟자 돌이 서서히 가라앉으며 아래층으로 내려갔어요,5,,5025,79
"돌이 바닥에 닿자, 재봉사는 주변을 둘러보았고, 자신이 앞서의 홀과 크기가 비슷한 또 다른 홀에 와 있단 사실을 알았지요",5,,5025,80
  하지만 여긴 경이로운 게 더 많았어요,5,,5025,81
"벽들 속에 속이 빈 공간들이 있는데, 그 공간 안에 온통 다채로운 영혼 또는 푸른 빛을 띤 수증기 같은 게 가득 든 투명한 유리로 된 꽃병들이 서 있었지요",5,,5025,82
그 홀의 바닥엔 두 개의 거대한 유리 상자가 서로 마주보며 서 있어 이게 그의 호기심을 강하게 끌어당겼어요,5,,5025,83
"그가 그 유리 상자들 중 하나로 가서 안을 들여다보니 농가들로 둘러싸인 성 같은 멋진 구조물이 하나 보였고, 그 농가들 주변으론 마구간이며 헛간 그리고 그 밖의 농가 부속건물들이 가득 보였어요",5,,5025,84
"모든 것이 조그마했어요, 하지만 비범하게도 세심하고 조밀하게 만든 것들이어서 마치 누군가가 엄청난 꼼꼼함으로 기민하게 수작업을 해 조각한 것만 같았답니다",5,,5025,85
그 조각물이 어찌나 진기한지 만약 목소리가 또 다시 들리지 않았다면 그는 정신없이 보고만 있었을 거예요,5,,5025,86
그가 목소리를 쫓아 반대편에 서 있던 다른 유리 상자로 가서 안을 들여다보았어요,5,,5025,87
그런데 그 안엔 심쿵할 정도로 빼어난 미모의 아가씨가 보여 그의 놀라움이 한층 더 하더지 뭐예요!,2,,5025,88
"그녀는 마치 잠든 것 같았어요, 그녀의 기다린 머릿결이 마치 소중한 옷 마냥 그녀를 감싸고 있었지요",2,,5025,89
"그녀는 눈을 꼭 감고 있었지만, 얼굴빛의 밝음이나 숨을 들이쉬고 마실 때마다 움직이는 ‘리본’으로 보아서는 살아 있는 게 분명했지요",2,,5025,90
"재봉사가 심장을 쿵쾅거리며 그 미녀를 쳐다보고 있는데, 그녀가 불쑥 두 눈을 뜨더니 그를 보곤 기쁨의 두려움에 어쩔줄 몰라했어요",2,,5025,91
*고마워라*,2,1,5025,92
라며 그녀가 소리쳤어요,2,,5025,93
"*제 구원자께서 와 계셨군요! 어서, 어서, 저를 이 감옥에서 풀어주세요",2,1,5025,94
 이 유리관의 ‘빗장’을 뒤로 당기시면 제가 나갈 수 있답니다*,2,1,5025,95
"재봉사는 지체 없이 그 말을 따랐고, 그 즉시 그녀가 유리 뚜껑 들어올리며 밖으로 나오더니 서둘러 홀의 구석으로 가 큰 망토로 자신의 알몸을 감쌌어요",2,,5025,96
"그런 다음 그녀는 돌 위에 앉더니, 젊은이보고 가까이 오라 말했어요",2,,5025,97
그 후 그녀는 그의 입술에 우정의 키스로 도장을 찍어주며 말했지요,1,,5025,98
"*제 오랜 기다리심이어, 구원자시어, 자애로운 하느님이 당신을 인도해 제게로 오시게 했어요, 이제 제 슬픔들은 끝이랍니다",1,1,5025,99
 제 슬픔이 끝나는 날 당신의 행복이 시작되게 된 거지요,1,1,5025,100
" 당신은 하늘에 의해 제 남편으로 선택되시었어요, 깨질 수 없는 기쁨, 깨질 수 없는 사랑이시어, 당신으로 말미암아 지상에 복이 넘치고 있어요",1,1,5025,101
" 자 앉아 보세요, 그리고 이제부터 제가 들려드리는 이야기에 귀 기울여주세요*",1,1,5025,102
*저는 부유한 백작의 딸이에요,5,1,5025,103
 제 부모님은 제가 여리던 어린 시절 이미 돌아가셨죠,5,1,5025,104
 부모님은 유언으로 저를 제 큰 오빠에게 맡기셨어요,5,1,5025,105
 그가 저를 키워주었죠,5,1,5025,106
 우린 서로 다정하게 사랑을 했어요,5,1,5025,107
 성향이며 사고방식이 너무도 닮았거든요,5,1,5025,108
 우리 둘은 절대 결혼하지 않고 죽을 때까지 함께 살자 결심을 하였더랬죠,5,1,5025,109
" 저희 집엔 친구들이 부족했어요, 그래서 이웃 분들과 친구들이 종종 저희를 방문하곤 했었지요",5,1,5025,110
 그럼 우리를 그들 모두를 최대한 다정하게 환대했답니다,5,1,5025,111
 그러다 한번은 어느 저녁에 낮선 이가 말을 타고 저희 성에 와 다음 마을까지 가지 못했다며 하룻밤 묵고 가게 해 달라 청했지요,5,1,5025,112
" 저흰 당연히 그의 청을 받아주었지요, 그는 저녁식사 시간동안 호의적인 태도를 보이며 자신의 얘기들을 재미나게 하였더랬죠",5,1,5025,113
 제 오빠가 곧 그 낯선 이가 좋아져 며칠 더 우리와 같이 머물다 가시라 청했어요,5,1,5025,114
 그도 크게 서두를 것이 없었기에 동의했죠,5,1,5025,115
" 저희는 밤늦도록 이야기꽃을 피우다, 그 낯선 이에게 방을 안내해주었지요",5,1,5025,116
 저도 피곤했기에 제 부드러운 침대에 팔다리를 쭉 뻗으며 누웠답니다,5,1,5025,117
 얼마자지 않아 희미하지만 분명 즐거움인 음악소리가 저를 깨웠어요,5,1,5025,118
 그게 어디서 나는지 알려고 옆방에서 자고 있는 시녀를 부르려고 했지만 뭔가 알 수 없는 힘에 의해 제가 말 한 마디도 못하는 것을 보고 깜짝 놀랐답니다,2,1,5025,119
 산이 마치 제 가슴을 내리누르는 듯 숨이 막혀 저는 입도 벙긋할 수 없었지요,2,1,5025,120
 한편 침실에 켜놓은 야간등의 불빛에 그 낯선 사람이 단단히 빗장이 걸린 문 두 개를 통과해 제 방으로 오는 게 보였지요,2,1,5025,121
 그는 제게 오더니 말했어요,2,1,5025,122
 ‘내가 당신을 너무도 사랑하기에 마술의 기교를 부려 사랑스런 연주소리가 들리게 해 당신을 깨웠소,2,1,5025,123
’ 하지만 저는 그가 마술의 기교를 부렸다는 사실에 강한 반감 비슷한 것이 생겨 그에게 한 마디 대꾸도 해주지 않았지요,2,1,5025,124
 그는 꿈쩍도 않고 한동안 거기 서서 저의 호의적인 대답을 기다리며 말없이 있었지요,2,1,5025,125
 하지만 그래도 제가 아무 말이 없자 자신의 자긍심에 상처를 입혔다며 이 일로 복수하고 말리라 화를 내며 선언하고 방을 떠났지요,2,1,5025,126
 저는 거친 불안과 동요로 그날 밤을 지세고 아침이 되어서야 간신히 눈을 붙일 수 있었어요,2,1,5025,127
 저는 깨어나자마자 급히 제 친오빠에게로 달려가 보았지만 그는 이미 방에 없었어요,2,1,5025,128
" 수행원들이 제게 말하길, 새벽이 트자마자 친오빠가 그 낯선 사람과 함께 말을 타고 나갔다고 해요",2,1,5025,129
 그 의도가 너무도 의심스럽던 저는 서둘러 옷을 챙겨 입고 제 승마용 말에 안장을 채우게 해 한 명의 하인만 저를 뒤따르게 하곤 손살 같이 그 숲으로 향했지요,2,1,5025,130
 그러다 하인이 탄 말의 다리가 부러지는 바람에 그는 더는 저를 쫓아올 수 없었지요,2,1,5025,131
 그래도 저는 멈추지 않고 달렸고 곧 몇 분이 지나지 않아 그 낯선 자가 새끼 끈에 아름다운 수사슴 한 마리를 묶어 저 쪽으로 오고 있는 게 보였지요,2,1,5025,132
 저는 그에게,2,1,5025,133
"*제 오빠는 어디 있나요, 이 수사슴은 어떻게 된 거죠, 왜 이 수사슴의 커다란 눈망울이 저를 보며 울고 있나요?*",2,1,5025,134
라고 물었지요,2,1,5025,135
 제게 대답 대신 그는 큰 소리로 웃기 시작했어요,2,1,5025,136
" 이에 저는 분통이 터져 제 권총을 꺼내 그 괴물을 향해 발사했지만, 총알이 그의 가슴에서 되 튕겨져 나와 제가 탄 말의 머리를 관통해버리는 바람에 저는 땅바닥에 쓰러지고 말았지요",2,1,5025,137
 그러자 그가 뭐라 뭐라 주문을 외우는 바람에 저는 정신을 잃어버렸답니다,2,1,5025,138
 제가 다시 의식을 차렸을 때는 전 이 지하 동굴 속 유리관에 갇혀 있는 저를 발견하고 말았죠,2,1,5025,139
 그 마술사가 다시 나타나더니 제 친오빠를 수사슴으로 변신시켰다 말하더군요,2,1,5025,140
 그리고 제가 소유하고 있던 모든 것들을 성과 함께 마법으로 축소시켜 또 다른 유리관 속에 가두었다고 말했어요,2,1,5025,141
 그와 함께 제 사람들도 모두 연기로 변해서 유리 술병들 속에 갇히고 말았지요,2,1,5025,142
 그가 제게 말했어요,0,1,5025,143
 ‘내 요구를 순순히 들어주면 일도 쉽게 풀리고 모든 걸 예전 상태로 돌려주겠소,2,1,5025,144
 내가 이 병들을 다시 열기만 하면 모든 게 예전대로 돌아갈 거요,2,1,5025,145
’ 저는 제가 맨 처음에 했듯 일언반구도 해주지 않았어요,2,1,5025,146
 그는 사라졌고 저는 이 감옥에 남겨진 채로 깊은 잠에 빠지고 말았답니다,2,1,5025,147
" 환상들이 제 눈앞을 지나가는 동안, 어느 젊은 분이 제게로 다가오시더니 저를 마법에서 풀어주시는 환상이 그 중 가장 격려가 되었는데, 오늘 이렇게 눈을 뜨고 보니 당신이 제 앞에 계시지 뭐예요, ",5,1,5025,148
제 꿈이 이루어진 걸 보게 되다니요,5,1,5025,149
 어서 제가 환상들에서 보았던 다른 일들도 이룰 수 있게 도와주세요,5,1,5025,150
" 우선, 성이 갇힌 저 유리관을 널찍한 돌 위로 운반해주세요*",5,1,5025,151
"그 돌에 올려놓자마자, 유리관이 아가씨와 청년과 함께 위층으로 오르기 시작해 위층에 있던 홀의 천정 ‘개구부’를 통해 완전히 상승해 탁 트인 공기 밖으로 그들이 다시 나올 수 있었어요",5,,5025,152
"아가씨가 그 뚜껑을 열자, 갇혀 있던 성과 말들과 농가들이 쭉 뻗어지며 엄청난 속도로 본래의 크기로 자라던지 경이로울 정도였지요",5,,5025,153
"그런 후, 아가씨와 재봉사는 다시 땅 밑 동굴로 돌아가, 이번에는 연기들이 가득 담긴 병들을 그 돌로 운반해 지상으로 가져왔어요",5,,5025,154
아가씨가 그 병들을 열자마자 푸른빛이 도는 연기들이 빠져나오며 본래 사람의 모습으로 변했어요,1,,5025,155
 그건 정말 그녀의 하인들과 사람들이었어요,1,,5025,156
"그녀의 기쁨의 최고조는, 황소의 형상으로 변해 그 마법사를 죽인 친오빠가 다시 인간의 모습을 하고서 숲에서 나오는 모습을 볼 때였답니다",1,,5025,157
"같은 날 바로, 아가씨는 자신의 약속대로 교회 재단에서 자신의 손을 이 행운덩어리 재봉사에게 건넸답니다",1,,5025,158
 게으름뱅이 하인츠하인츠는 게으름뱅이였어요,5,,5026,1
하는 일이라곤 기껏 자신의 염소를 몰고 매일 풀밭으로 가는 것뿐이었지요,5,,5026,2
그럼에도 불구하고 집에 돌아오면 매일의 일이 고되다고 불평을 널어놓았죠,5,,5026,
*아 정말 고단하다*,5,1,5026,
라며 그가 말했어요,0,,5026,
"*매년 늦가을까지 이런 식으로 염소 한 마리를 들판으로 몰고 가는 건 정말 중노동이야, 지친다고! ",5,1,5026,
드러누워 잠이 퍼 잤으면 좋으련만,5,1,5026,
"이건 뭐, 어린 나무에 다치지는 않는지, 아님 정원에 있는 울타리에 끼이지는 않는지, 아님 달아가는 건 아닌지 한 눈을 떼려야 뗄 수가 없다니까",5,1,5026,
 누가 내 수고 좀 안 들어가나*,5,1,5026,
그가 퍼질러 앉아 곰곰이 생각에 잠겨 어떻게 하면 이 어깨 위의 짐을 내려놓을 수 있을까 고민했어요,5,,5026,
"한참동안을 그렇게 생각 정리가 안 되더니, 갑자기 두 눈에서 비늘이 떨어지는 듯 기가 막힌 아이디어가 떠올랐어요",5,,5026,
*그래 이러면 되겠다*,5,1,5026,
라며 그가 소리쳤지요,5,,5026,
"*뚱땡이 ‘트리네’ 네도 염소 한 마리를 키우니까, 내가 그녀와 결혼하면 내 염소도 그녀보고 키우라고 하면 되잖아",5,1,5026,
 그럼 나는 편히 살 수 있는 거구*,5,1,5026,
그리하여 하인츠가 서둘러 일어나 지친 다리를 이끌고 곧장 거리를 가로질러 가 다짜고짜 뚱땡이 트리네 부모님이 살고 있는 곳으로 가 ,5,,5026,
*후덕하고 부지런한 따님과 결혼하고 싶습니다*,,1,5026,
라고 말했어요,0,,5026,
"부모님은 길게 생각해보고 자시고 할 것도 없이,",5,,5026,
‘유유상종이군’이라고 생각하시곤 단번에 동의를 해주었어요,5,,5026,
그래서 뚱땡이 트리네는 이제 하인츠의 아내가 되어 염소 두 마리 다를 몰고 나가야했답니다,5,,5026,
하인츠은 좋은 시간을 보냈어요,5,,5026,
 이제 남은 건 자신의 게으름뱅이 습성에 지치지만 않으면 되었죠,5,,5026,
그래도 가끔 그녀와 밖으로 나갈 땐 이렇게 말했답니다,5,,5026,
"*다녀와서 휴식을 좀 더 잘 즐기기 위해서야, 그렇지 않으면 감흥이 덜 하더라고*",5,1,5026,
 하지만 게으름이라면 뚱땡이 트리네도 더 하면 더 했지지지 않았죠,5,,5026,
*여봉~♥*,5,1,5026,
라며 그녀가 하루는 이렇게 말했어요,5,,5026,
*우리 이렇게 고생할 게 뭐 있어요,0,1,5026,
" 이런 식으로 우리 청춘을 다 보내야하겠느냐고요? 매일 아침 염소 두 마리가 우리 꿀잠을 방해하잖아요, 차라리 이럴 바에야 염소들을 이웃집에 줍시다, 그럼 그가 벌집을 우리에게 줄 거예요",5,1,5026,
" 우린 그 벌집을 집 뒤 햇볕 잘 드는 곳에 걸어두기만 하면 돼요, 더 이상 고민할 것도 없다고요",5,1,5026,
" 벌들이야 지들이 알아서 집과 들판을 오고 가는데, 우린 그냥 꿀이나 따면 된다고요*",5,1,5026,
*그 참 기똥찬 소릴 하는 여잘세*,5,1,5026,
라며 하인츠가 대답했어요,0,,5026,
*이런 일을 머뭇거릴 이유야 없지,5,1,5026,
 무엇보다 염소젖보단 꿀맛이 일품이지,5,1,5026,
 당장 그리 합시다*,5,1,5026,
이웃집에선 이를 마다할 이유가 없는지라 냉큼 벌집 하나를 주고 염소 두 마리를 받아갔지요,5,,5026,
"벌들은 매일 아침부터 밤늦게까지 지치지도 않고 벌집을 들락거리며 가장 향기 나는 꿀들로 꿀벌통을 채웠고, 그리하여 가을엔 하인츠는 한 가득 꿀을 담을 수 있었어요",5,,5026,
"그들은 그 꿀단지를 침실 벽에 고정된 선반 위에 두고, 누가 훔쳐가지 않나 또는 생쥐에게 발각되지는 않나 하며 노심초사했지요",5,,5026,
트리네는 토실한 개암나무 회초리 하나를 주어다 자기 침대 옆 금방 손이 닿는 곳에 두고서 불청객들을 내쫓을 만반의 태세를 갖추고 있었답니다,5,,5026,
게으름뱅이 하인츠도 낮12시까지 침대에 머물렀죠,5,,5026,
*일찍 일어나는 새가*,5,1,5026,
라며 그가 말했어요,0,,5026,
*돈을 한 푼이라도 더 쓰는 법이야*,5,1,5026,
어느 날 아침 긴 잠에서 깨고서도 햇살 가득한 이불 속에서 여전히 누운 채로 그가 아내에게 말했어요,5,,5026,
*여자들은 달콤한 걸 좋아하는 법이지,5,1,5026,
 그러니 당신도 나 몰래 이 꿀맛을 보려할지 몰라,5,1,5026,
" 당신이 이 꿀을 몽땅 다 먹어치우기 전에, 새끼 거위를 품은 거위 한 마리랑 바꾸자고*",5,1,5026,
*그렇지만*,5,1,5026,
라며 트리네가 대답했어요,0,,5026,
*거위들을 돌볼 아이를 우리가 가질 때까진 안되요! 설마 저보고 어린 거위들이나 돌보며 제 정력을 그딴 쓸데없는 곳에 쏟아 부으란 소리는 아니죠*,5,1,5026,
*왜 그렇게 생각해*,5,1,5026,
라며 하인츠가 말했어요,0,,5026,
*아이들이 거위를 돌볼 거 같아? 요-즘-놈의 아이들이 얼마나 말을 안 듣는데,5,1,5026,
" 지들 부모보다 자기들이 더 똑똑한 줄 알고 기들 생각대로만 하는 애들인데, 그 얘기 못 들어봤어",5,1,5026,
아 글쎄 소 찾으러 보냈더니 지빠귀 세 마리가 쫓고 있더라는 그 하인 얘기 말이야*,5,1,5026,
*오*,5,1,5026,
라며 트리네가 대꾸했어요,0,,5026,
*내 말을 안 듣는 아이가 있음! 내가 이렇게 회초리를 집어 들고서 살갗을 따끔하게 때려줄 텐데도요,0,1,5026,
" 봐요, 하인츠*",0,1,5026,
그녀가 혼자 열불이 나서 생쥐를 쫓으려고 놓아둔 그 회초리를 집어들었어요,2,,5026,
"*봐요, 제가 요렇게, 요렇게 때려줄 거라고요*",2,1,5026,
그녀가 팔을 뻗어 후려쳤어요,2,,5026,
 그러다 불행하게도 침대 위에 있던 꿀단지를 치고 말았죠,2,,5026,
"벽에 부딪힌 꿀단지가 산산조각 나며 떨어져, 맛난 꿀들이 바닥위로 줄줄 새고 말았어요",2,,5026,
*거위와 새끼거위들이 죄다 여기 누워있군*,2,1,5026,
라며 하인츠가 말했어요,0,,5026,
*이제 돌볼 필요가 없어졌네,5,1,5026,
 그나마 꿀단지가 내 머리로 떨어지지 않아 다행이군,5,1,5026,
 이게 다 자기 복이지*,5,1,5026,
그가 보고 있자니 파편조각 하나에 여전히 많은 꿀이 남아 있었어요,5,,5026,
 그래서 그가 손을 뻗어 집어 들며 유쾌하게 말했어요,5,,5026,
"*여기 좀 남았는데, 여보, 우리 이거 먹고 속 차립시다",1,1,5026,
 놀란 다음에는 뭐라도 먹어줘야 하니까,1,1,5026,
" 중요한 건, 우리가 좀 더 자도 시간은 충분하다는 거야*",1,1,5026,
*그래요*,1,1,5026,
라며 트리네도 대답했어요,0,,5026,
*사람은 적당한 시기에 적당한 방법으로 배운다고 하잖아요,5,1,5026,
" 그 얘기 들어보셨죠, 달팽이가 한 번은 결혼식에 초대받아 출발을 했다가 아기 세례식 때 도착했다는 얘기 말예요",5,1,5026,
 그 집 앞 울타리에 걸려 넘어지며 그 달팽이가 이렇게 말했지요,5,1,5026,
 ‘빨리 가서 좋은 게 하나도 없다니까’,5,1,5026,
라고요*,0,1,5026,
 괴물새 그리핀옛날 옛적에 왕이 한 분 살고 계셨습니다,5,,5028,1
 그가 다스린 왕국이 어딘지 뭐라고 부르는지 저는 모릅니다,5,,5028,2
다만 그에겐 아들이 하나도 없고 딸만 한 명 있었는데 항상 아팠습니다,4,,5028,3
 어떤 의사도 그녀를 고칠 수 없었죠,4,,5028,4
"그러다 누군가가 왕에게 예언하길,",4,,5028,5
*공주님의 병은 사과를 드시면 낫습니다*,4,1,5028,6
라고 하였어요,4,,5028,7
"그래서 왕은 온 왕국에,",4,,5028,8
*누구든 내 딸애를 낮게 하는 사과를 가지고 오는 자에겐 딸애를 아내로 주고 이 나라의 왕도 시켜줄 것이다*,4,1,5028,9
 라고 선포하기에 이르렀죠,4,,5028,10
이 소식이 세 아들을 둔 어느 농부의 귀에까지 흘러들어갔어요,5,,5028,11
아빠가 장남에게 말했어요,5,,5028,12
"*정원에 가서 탐스럽게 잘 익은 사과 한 바구니만 따 가지고 궁전에 가 보거라, 혹시 공주님이 드시고 나으면 네가 그녀와 결혼도 하고 왕이 될지 누가 아니*",5,1,5028,13
젊은이가 그 말대로 했지요,5,,5028,14
 그가 출발했어요,5,,5028,15
채 얼마 안 갔는데 젊은이는 좀 엄해 보이는 난쟁이를 한 명 만났어요,5,,5028,16
 난쟁이가 ,5,,5028,17
*바구니에 담긴 게 뭐지*,5,1,5028,18
라고 물었어요,0,,5028,19
그래서 ‘웰레’가 ,5,,5028,20
*개구리 다리요*,5,1,5028,21
라고 대꾸했지요,0,,5028,22
 웰레는 그의 이름이었어요,5,,5028,23
그러자 난쟁이가 말했어요,0,,5028,24
"*그럼 뭐, 그런 거고, 그것만 남아 있겠지*",5,1,5028,25
그리곤 난쟁이는 가 버렸답니다,5,,5028,26
웰레가 마침내 궁전에 도착해 자신이 공주님을 드시면 병이 나을 사과들을 가지고 왔다 알려 달라 말했어요,5,,5028,27
왕이 크게 반기며 얼른 웰레를 데려오라 말했어요,5,,5028,28
"하지만 아뿔싸! 그가 바구니를 열어보니 안에 든 건 사과가 아니라 개구리 다리들이지 않겠어요, 그것도 여전히 발길질을 해대고 있는 다리들이요",2,,5028,29
벌컥 화가 난 왕이 그를 집으로 쫓아버렸어요,2,,5028,30
집에 돌아온 그는 아빠께 어떤 일이 있었는가를 말씀드려야했지요,2,,5028,31
다음으로 아빠는 둘째 아들을 보냈어요,2,,5028,32
 그의 이름은 ‘사메’였지요,5,,5028,33
하지만 사메에게도 형 웰레와 똑같은 일이 벌어지고 말았답니다,5,,5028,34
"그도 그 난쟁이를 만났는데, ",5,,5028,35
*바구니에 뭐가 들었어*,5,1,5028,36
라고 물어오는 거예요,0,,5028,37
사메가 ,5,,5028,38
*돼지 털이요*,5,1,5028,39
"라고 말을 했더니, 엄숙해 보이는 그 난쟁이가 ",5,,5028,40
"*그럼 뭐, 그런 거고, 그것만 남아 있겠지*",5,1,5028,41
라고 말하지 않겠어요,0,,5028,42
사메가 궁전에 도착해 ,5,,5028,43
*공주님을 구할 사과들을 가지고 왔어요*,5,1,5028,44
"라고 말을 했더니, 병사들이 한사코 안으로 들이려하질 않았어요",5,,5028,45
*벌써 한 놈 때문에 우리들만 된서리만 맞았다,5,1,5028,46
 썩 꺼져*,5,1,5028,47
하지만 사메가 ,5,,5028,48
*이건 진짜 사과에요,5,1,5028,49
 저는 꼭 들어가 봐야한다고요*,5,1,5028,50
"라고 주장하자, 그제야 병사들이 그를 믿고 왕께 데려다주었어요",5,,5028,51
하지만 그가 바구니를 까자 돼지 털밖에 없지 뭐예요,5,,5028,52
정말 꼭지가 돈 왕이 채찍질까지 해가며 사메를 집으로 내쫓아버렸어요,2,,5028,53
집에 돌아온 그가 자초지종을 아빠께 말씀드렸지요,2,,5028,54
그러자 막내가 자기도 사과를 들고 가보겠다고 우기고 나서지 뭐예요,5,,5028,55
" 그의 이름은 ‘한스’인데, 항상 ‘바보 한스’라 불리는 자였지요",5,,5028,56
*얼씨구*,5,1,5028,57
라며 아빠가 말했어요,0,,5028,58
"*네가 잘도 가겠다! 너보다 더 영리한 형들도 다 저 모양 저 꼴이 되었는데, 네가 뭘 어쩌겠다는 거야*",5,1,5028,59
하지만 청년은 막무가내로 말했어요,5,,5028,60
"*정말, 아빠, 저도 가볼래요*",5,1,5028,61
"*아서라, 이 어리석은 녀석아, 넌 좀 더 똑똑해질 때까진 안 돼*",5,1,5028,62
라고 아빠가 말하며 등을 돌렸지요,5,,5028,63
"하지만 한스는 아빠의 작업복, ‘프록 코트’라고 부르는 거지요, 끄트머리를 부여잡곤 말했어요",5,,5028,64
"*정말, 아빠, 저도 가고 싶단 말예요*",5,1,5028,65
"*그래, 그럼, 가 봐라, 하지만 내 장담하건데 넌 가자마자 바로 오게 될 게다*",5,1,5028,66
라며 노인이 짓궂은 말투로 대꾸했어요,5,,5028,67
하지만 청년은 뛸 듯이 기뻐 정말로 폴짝폴짝 뛰어다녔지요,5,,5028,68
"*또, 바보처럼 구는구나! 넌 어떻게 된 게 매일 더 멍청해진다니*",5,1,5028,69
라며 아빠가 또 말했어요,0,,5028,70
"하지만 한스는 별 상관 안했죠, 괜히 자기 기분만 망칠 필욘 없었으니까요",5,,5028,71
 하지만 시간이 마침 밤인지라 내일 아침까지 기다렸다 출발 해야겠다 생각했지요,5,,5028,72
 어차피 오늘 중으로 궁전에 도착할 수 없으니까요,5,,5028,73
"긴 밤 동안 그는 잠을 잘 수가 없었어요, 잠시 졸립다 가도 아리따운 아가씨며 궁전이며 금이며 은, 기타 등등의 것들이 눈앞에 가물거려서요",5,,5028,74
새벽 일찍 그가 길을 떠났답니다,5,,5028,75
 곧이어 살짝 거지꼴을 한 그 난쟁이가 옷에 다리미질까지 하고선 나타나 ,5,,5028,76
*그 바구니 속에 뭐가 들었니*,5,1,5028,77
라고 물어왔어요,1,,5028,78
하스가 ,5,,5028,79
*공주님이 드시고 병이 나을 사과들을 들고 가요*,5,1,5028,80
라고 답해주었죠,0,,5028,81
*그럼 뭐*,5,1,5028,82
라며 난쟁이가 말했어요,0,,5028,83
"*그런 거고, 그것만 남아 있겠지*",5,1,5028,84
하지만 궁전에 도착해보니 병사들이 죽어도 한스를 안에 들이지 않겠다고 우기지 뭐예요,5,,5028,85
*왜냐면 벌써 두 바보가 사과를 들고 왔다 속이곤 개구리 다리와 돼지 털만 가져온 통에 이젠 아무도 못 믿겠다*,5,1,5028,86
는 거지요,0,,5028,87
 하지만 한스도 절대지지 않고 ,5,,5028,88
"*이건 정말 개구리 다리가 아니에요, 왕국에서 제일 탐스럽고 맛난 사과들을 몇 개 따온 거란 말이에요*",5,1,5028,89
라고 주장했지요,0,,5028,90
"한스의 말에 떨림이 없었기에, 문지기가 거짓말이 아닐 거라 생각하고서 그를 안으로 들였지요",5,,5028,91
" 역시나 문지기의 생각이 옳았어요, 왜냐면 한스가 왕의 얼굴 앞에서 바구니를 열자마자 탐스런 황금 사과들이 짠하고 나타났기 때문이지요",1,,5028,92
"왕이 기뻐서 사람을 시켜 사과 몇 개를 공주에게 가져다주게 하곤, 결과가 어떤지 무척 걱정하며 기다리고 있었더랬죠",1,,5028,93
많이 걸리지도 않아 소식이 전해졌어요,1,,5028,94
 소식을 전하러 누가 왔게요? 바로 공주님이 직접 왔지 뭐예요!공주가 사과를 먹자마자 병이 나아 침대에서 벌떡 뛰어내렸던 거에요,1,,5028,95
왕의 기쁨은 상상 그 이상이었지요!하지만 그렇다고 자신의 딸을 바보 한스에게 주는 건 전혀 다른 문제였지요,5,,5028,96
그래서 왕은 한스보고 ,5,,5028,97
*물에서보다 마른 땅에서 더 빨리 나아가는 보트를 우선 만들어 와야 한다*,5,1,5028,98
라고 말했어요,0,,5028,99
한스도 그 제안에 선뜻 동의했지요,5,,5028,100
그가 집으로 와 아빠께 그동안에 있었던 일을 말씀드렸어요,5,,5028,101
그래서 아빠가 장남인 ‘웰레’를 숲으로 보내 그런 종류의 보트를 만들어오게 시켰어요,5,,5028,102
그는 부지런히 일했어요,5,,5028,103
 시종일관 휘파람도 불었죠,5,,5028,104
"낮12시가 되어 태양이 하늘 꼭대기에 떴을 때, 엄숙한 표정의 그 난쟁이가 또 찾아와 ",5,,5028,105
*뭘 만드는데*,5,1,5028,106
라고 물어왔어요,0,,5028,107
웰레가 대답을 해주었지요,0,,5028,108
*부엌에 쓸 나무 그릇들*,5,1,5028,109
엄숙한 표정의 난쟁이가 말했어요,0,,5028,110
"*그럼 뭐, 그런 거고, 그것만 남겠지*",5,1,5028,111
저녁이 되어 보트가 완성됐다고 여긴 웰레가 타려고보니 원 세상에 보트는 온데간데없고 나무 그릇들만 남아있지 뭐예요,5,,5028,112
다음날엔 둘째아들인 ‘사메’가 숲에 갔어요,5,,5028,113
하지만 장남 웰레에게 일어났던 일이 그대로 사메에게 또 일어나고 말았죠,5,,5028,114
셋째 날엔 바보 한스가 갔어요,5,,5028,115
그는 정말 부지런히 일했지요,5,,5028,116
 한바탕 일하는 소리가 온 숲에 울릴 정도였지요,5,,5028,117
 시종일관 그는 노래도 부르고 흥겨운 휘파람도 불었지요,5,,5028,118
"낮 12시가 되어 가장 무더워질 때쯤, 그 난쟁이가 또 찾아와 ",5,,5028,119
*뭘 만드는데*,5,1,5028,120
라고 물어왔어요,0,,5028,121
*물에서보다 마른 땅에서 더 빨리 나아가는 보트요*,5,1,5028,122
라고 한스가 대꾸했지요,0,,5028,123
"*이것만 다 만들고 나면, 제가 공주님과 결혼할 수 있거든요*",5,1,5028,124
*그럼 뭐*,5,1,5028,125
라며 그 난쟁이가 말했어요,0,,5028,126
"*그런 거고, 그것만 남겠지*",5,1,5028,127
저녁이 되서 태양이 황금빛으로 변할 때쯤 한스는 요구되던 그 보트를 다 만들었지요,5,,5028,128
그는 그걸 타고서 궁전까지 노를 저어갔어요,5,,5028,129
보트는 강풍만큼이나 재빨리 나아갔답니다,5,,5028,130
멀찍이에서 그걸 보고 있던 왕은 그럼에도 불구하고 자신의 딸을 저런 바보 멍청이에겐 절대 주고 싶지 않았어요,5,,5028,131
그래서 왕이 말했지요,0,,5028,132
*우선 백 마리의 토끼들을 목초지로 몰고 가서 이른 아침부터 밤늦도록 지키거라,5,1,5028,133
 만약 한 마리라도 없어지면 내 딸을 줄 수 없다*,5,,5028,134
한스는 이 제안에도 동의했어요,5,,5028,135
그래서 다음날 그가 토끼 떼를 이끌고 목초지로 가 한 마리도 도망가지 못하게 열심히 망을 보며 지키고 있었더랬죠,5,,5028,136
 몇 시간 지나지 않아 궁에서 하녀가 한명 오더니 한스보고 ,2,,5028,137
*즉시 토끼 한 마리를 주셔야겠습니다,2,1,5028,138
 뜻밖의 손님들이 와 계시거든요*,2,1,5028,139
라고 말했어요,0,,5028,140
하지만 한스는 그 수작을 단번에 알아채고 ,2,,5028,141
*절대 못 줘요,2,1,5028,142
 토끼라면 내일 잡아도 되잖아요*,2,1,5028,143
라고 말했지요,0,,5028,144
"하지만 그 하녀도 어지간해선 물러서지 않으려 했지요, 급기야 그녀가 한스보고 마구 욕을 하기 시작했어요",2,,5028,145
그래도 한스는 말했지요,0,,5028,146
*정 그렇다면 공주님이 직접 오시면 제가 믿고 한 마리를 드리지요*,2,1,5028,147
"하녀가 궁전으로 가 그 말을 전하자, 공주가 직접 찾아왔어요",2,,5028,148
하지만 그 사이에 난쟁이가 또 한스를 찾아와 ,5,,5028,149
*뭐하고 있는데*,5,1,5028,150
라고 물어왔어요,0,,5028,151
한스가 말했어요,0,,5028,152
"*한 마리도 도망 못 가게 망을 보고 있어요, 그렇게만 되면 제가 공주님이랑 결혼해 왕이 될 수 있거든요*",5,1,5028,153
*그 좋군*,5,1,5028,154
라며 난쟁이가 말했어요,0,,5028,155
*내 그럼 자네에게 피리 하나를 주지,5,1,5028,156
 토끼가 도망가면 이걸 불게 그럼 다시 돌아올 테니*,5,1,5028,157
"그리하여 공주가 도착하고, 한스가 그녀의 앞치마에 토끼 한 마리를 담아 주었을 때, 그리고 그녀가 채 백발자국쯤 갔을 때, 한스가 피리를 불자, 그 토끼가 앞치마에서 깡충 뛰어내려 토끼 무리 속으로 되돌아오게 된 거지요",5,,5028,158
저녁이 되자 토끼 지킴이 한스는 한 차례 더 피리를 불어 모든 토끼들이 도착했는지 확인한 다음 그들을 몰고 궁전으로 돌아왔답니다,5,,5028,159
한스가 정말 토끼 한 마디도 잃지 않고 도착하는 꼴을 본 왕은 쓰러지기 일보직전이었죠,2,,5028,160
 그럼에도 절대 자신의 딸을 줄 수 없다 다짐한 왕이 ,2,,5028,161
*그럼 좋다,2,1,5028,162
 그리핀의 꼬리에서 깃털 하나만 가져오면 내 딸을 정말로 주마*,2,1,5028,163
라고 말했어요,0,,5028,164
한스는 즉시 출발했지요,5,,5028,165
 곧장 쭉 나아가며 걸었답니다,5,,5028,166
저녁 무렵 어느 성에 도착해 ,5,,5028,167
*여기서 하룻밤만 묵을 수 있나요*,5,1,5028,168
라고 물어보았지요,0,,5028,169
 왜냐면 그때 당시엔 여관이 하나도 없었거든요,5,,5028,170
성주가 ,5,,5028,171
*그리하겠네,5,1,5028,172
 그런데 자넨 어딜 그렇게 가는 길인가*,5,1,5028,173
라고 물었어요,0,,5028,174
한스가 대답했어요,5,,5028,175
*그리핀에게 가는 길이에요*,5,1,5028,176
*오! 그 그리핀! 모르는 게 없다는 그 그리핀 말이지,5,1,5028,177
 그럼 가는 김에 물어봐주게,5,1,5028,178
 내가 막 철제 금고 열쇠를 잃어버렸는데 도통 찾을 수가 있어야 말이지,5,1,5028,179
 그게 어디 있나 자네가 물어봐주면 좋겠군*,5,1,5028,180
"*네, 정말*",5,1,5028,181
라고 한스가 말했어요,0,,5028,182
*기꺼이 그렇게 할게요*,5,1,5028,183
다음날 새벽 일찍 그가 계속 길을 걸어 밤이 될 무렵 또 다른 성에 도착했어요,5,,5028,184
거기 사는 사람들도 꼭 이 청년이 그리핀에게 간다는 걸 알게 되어 말했지요,5,,5028,185
"*어느 집에 아픈 딸이 하나 있는데 무슨 약을 써 봐도 낫게 할 수가 없었다네, 혹시 그 애가 다시 건강을 회복할 수 있는 방법이 있나하고 자네가 그리핀에게 물어봐주겠나*",5,1,5028,186
한스가 ,5,,5028,187
*기꺼이 그리해드리지요*,5,1,5028,188
라고 말하곤 계속 나아갔어요,0,,5028,189
그가 호수에 도착해보니 나룻배 대신 키가 크고 엄청 큰 어떤 남자가 거기 있다 사람들을 호수 건너편으로 날라다주고 있었어요,5,,5028,190
그 남자가 한스에게 ,5,,5028,191
*어디로 여행가슈*,5,1,5028,192
라고 물었어요,0,,5028,193
*그리핀에게요*,5,1,5028,194
라고 한스가 말했지요,0,,5028,195
"*그렇담, 거기 가면*",5,1,5028,196
라고 그 남자가 말했어요,0,,5028,197
*내가 왜 이 호수에서 모든 사람들을 건너다주고 있어야하는지 좀 물어봐주시오*,5,1,5028,198
"*네, 정말 기꺼이 그리해드리지요*",5,1,5028,199
라고 한스가 말했어요,0,,5028,200
그런 다음 그 남자가 한스를 어께에 메더니 호수 건너편으로 건너다주었어요,5,,5028,201
마침내 한스가 그리핀의 집에 도착을 하였답니다,5,,5028,202
"하지만 집엔 그의 아내만 있고, 그리핀 자신은 없었어요",5,,5028,203
그때 아내가 한스에게 ,5,,5028,204
*뭘 바라시나요*,5,1,5028,205
라고 물었지요,0,,5028,206
그런 까닭에 한스가 모든 걸 그녀에게 말해주었어요,5,,5028,207
"자신이 그리핀의 꼬리에서 깃털 하나를 얻어야한다는 애기와, 금고 열쇠를 잃은 성이 있는데 그 열쇠가 어디 있나 그리핀에게 물어봐 달라 부탁을 받은 얘기, 아픈 딸을 둔 또 다른 성 이야기와 그녀를 낮게 해줄 방법이 있는지 물어봐주기로 했다는 얘기… 그리고 여기서 멀지 않은 호수에 한 남자가 있던데 그 남자가 사람들을 호수 건너편으로 날라다주고 있었는데 자신이 왜 그 일을 해야 하는지 좀 그리핀에게 간절히 좀 물어봐 달라 청하더라는 애기들을 한스가 그녀에게 해주었지요",5,,5028,208
그러자 아내가 말했어요,0,,5028,209
"*여기 누가 있는지 아시고 오신 거예요, 착한 양반, 기독교도는 누구도 그리핀에게 말을 건넬 수가 없어요",5,1,5028,210
 즉시 잡아먹히거든요,5,,5028,211
 다만 당신이 좋으시다면 그이의 침대 밑에 들어가 계셔보세요 ,5,,5028,212
그럼 밤에 그이가 깊이 잠들었을 때 당신이 손을 뻗어 그이의 꼬리에서 깃털을 하나 뽑을 수 있을 거예요,5,,5028,213
그리고 당신이 궁금해하는 질문들은 제가 따로 그이에게 물어볼게요*,5,,5028,214
한스는 그 제안이 무척 마음에 들었어요,5,,5028,215
 그래서 침대 밑으로 들어갔지요,5,,5028,216
"저녁이 죄다 그리핀이 집으로 돌아왔어요, 그는 방에 들어서자마자 말했어요",5,,5028,217
"*여보, 기독교인의 냄새가 나는데*",5,1,5028,218
*네*,5,1,5028,219
라며 아내가 말했어요,0,,5028,220
*오늘 한 명 왔다 갔어요*,5,1,5028,221
그러자 그리핀이 더는 묻지 않았어요,5,,5028,222
"한밤중 그리핀이 큰소리로 코를 드르렁 골 때, 한스가 손을 내밀어 그의 꼬리에서 깃털 하나를 뽑아당겼어요",5,,5028,223
순간 그리핀이 벌떡 깨어나며 말했어요,5,,5028,224
"*마누라, 기독교인의 냄새가 나, 누군가 내 꼬리를 잡아당긴 거 같다고*",5,1,5028,225
그의 아내가 말했어요,0,,5028,226
"*꿈인 게 확실하네요, 기독교인이 한 명 오늘 여기에 들렀다 말했지만 그는 이미 떠난 걸요",5,1,5028,227
 그러고 보니 그가 제게 금고 열쇠를 잃어버린 성이 있는데 도무지 찾을 수가 없더라는 얘기를 하던걸요*,5,1,5028,228
*오! 바보멍충이들*,5,1,5028,229
라며 그리핀이 말했어요,0,,5028,230
*그 열쇠는 ‘재목창고’ 문 뒤에 있는 통나무 아래에 놓여 있는데 말이야*,5,1,5028,231
"*그리고 그가 또 말하길, 아픈 딸을 둔 또 다른 성이 하나 있는데 사람들이 도무지 그녀를 고칠 방법을 몰라하고 있데요*",5,1,5028,232
*원! 저런 멍청이들*,5,1,5028,233
라며 그리핀이 말했어요,0,,5028,234
"*지하실 계단 아래에 있는 두꺼비 한 마리가 그녀의 머리카락으로 둥지를 만들어서 그렇게 된 일인데, 그녀가 자신의 머리카락들만 도로 되찾는다면 금방 나을 거야*",5,1,5028,235
"*그리고 또 그가 말하길, 호수가 하나 있는데 거기 있는 어떤 남자가 사람들을 호수 건너편으로 날라다주는 걸 강요당하고 있다는 군요*",5,1,5028,236
"*원, 그런 등신을 봤다*",5,1,5028,237
라며 그리핀이 말했어요,0,,5028,238
*누구든 한 명만 호수 한 가운데에 그냥 내려놓음 아무도 다신 건너게 해 달라 말해오지 않을 텐데 말이야*,5,1,5028,239
다음날 아침 일찍 그리핀은 일어나 외출을 했어요,5,,5028,240
"그런 다음 한스도 침대에서 기어 나왔지요, 물론 아름다운 깃털 하나를 챙기는 건 절대 잊지 않았답니다",5,,5028,241
"그리고 그리핀이 말한 열쇠며, 딸이며, 나룻배 사공 얘기도 죄다 들어놓은 상태였지요",5,,5028,242
그리핀 아내는 혹시 몰라 모든 걸 한 번 더 반복해 말해주었답니다,5,,5028,243
 혹시나 한스가 까먹을 수 있으니까요,5,,5028,244
 그런 다음 한스가 다시 집으로 출발했지요,5,,5028,245
우선 그는 호수에 있는 그 남자에게로 갔어요,5,,5028,246
 그 남자가 말했어요,5,,5028,247
*그래 내가 좀 물어봐 달란 건 물어보셨소*,5,1,5028,248
한스가 대꾸했어요,5,,5028,249
*먼저 저를 건너편으로 옮겨다주시면 그때 말씀드릴게요*,5,1,5028,250
남자가 한스를 호수 건너편으로 날라다주었어요,5,,5028,251
" 그가 일을 마치자, 한스가 말했어요",5,,5028,252
*누구든 한 사람을 호수 한 가운데에 그냥 내려둬 버리세요,1,1,5028,253
 그럼 아무도 다신 건너게 해달라 말해오지 않을 거예요*,1,1,5028,254
남자는 그 대답이 엄청나게 기뻐 한스에게 말했어요,1,,5028,255
*내 기꺼이 자넬 건너편으로 다시 한 번 더 날라다 다시 여기까지 와주겠네*,1,1,5028,256
 하지만 한스는 ,1,,5028,257
*아뇨*,1,1,5028,258
라고 대답하는 선에서 골머리 앓을 일을 떨쳐버렸죠,1,,5028,259
어쨌든 만족한 한스가 계속 길을 나아갔어요,5,,5028,260
그런 다음 그는 아픈 딸을 둔 그 성에 도착했어요,5,,5028,261
"한스는, 걸을 수도 없는 그 딸을 어깨 위에 태우고서 지하실 계단 아래로 데리고 가 가장 아래에 있던 계단 밑에서 두꺼비 둥지를 옆으로 빼내 그녀의 손에 쥐어주었어요",1,,5028,262
그 즉시 그녀가 한스의 어깨에서 뛰어내리며 한스보다 먼저 계단을 밟고 올라갔지요,1,,5028,263
완전히 병이 완쾌된 거였어요,1,,5028,264
그리되니 그녀의 아빠 엄마도 기쁨이 상상 이상이셔서 금과 은을 선물로 한스에게 주며 한스가 원하는 건 뭐든지 쥐어주었답니다,1,,5028,265
 또 다른 성에 도착한 한스는 즉시 ‘재목 창고’로 가 문 뒤에 있는 통나무 밑에서 그 열쇠를 찾아 성주에게 건네주었답니다,5,,5028,266
성주 또한 기쁨이 작을 리 없어 금고에 있던 많은 금을 보답으로 한스에게 주었죠,1,,5028,267
" 어디 성주가 내준 게 그 뿐인가요, 각종 보석들과 암소들 그리고 양과 염소들을 선물로 한스에게 주었답니다",1,,5028,268
"한스가 왕 앞에 도착했을 땐 이 모든 선물들… 즉 돈이여, 금이며, 은 그리고 암소들과 양과 염소들이 너무도 많았던 지라 왕이 눈이 휘둥그레지며 ",1,,5028,269
*이게 다 어디서 난 게냐*,5,1,5028,270
라고 묻기에 이르렀지요,0,,5028,271
  그때 한스가 말했어요,5,,5028,272
"*그리핀이 준 거에요, 뭐든 원하는 대로 주든 걸요*",5,1,5028,273
그래서 왕은 속으로 생각했어요,5,,5028,274
"‘그 참 괜찮군, 다른 유용한 것들도 얻을 수 있겠어",5,,5028,275
’왕은 그리핀을 찾아나섰답니다,5,,5028,276
"하지만 호수에 도착했을 땐, 우연히도 한스 다음에 도착한 이가 바로 왕이었던지라, 그 남자가 왕을 호수 한가운데에 내려둬 버리고 떠나버렸어요",5,,5028,277
그 바람에 왕은 물에 빠져 죽고 말았어요,5,,5028,278
하지만 한스는 공주님과 결혼해 왕이 될 수 있었답니다,5,,5028,279
 힘센 한스옛날 옛적에 한 아이를 둔 남편과 아내가 살고 있었어요,5,,5029,1
 아주 외진 골짜기에서 그들만 살았더랬죠,5,,5029,2
그러다 한번은 엄마가 어린 ‘한스’를 데리고 전나무 가지들을 주우려 숲으로 나가셨지요,5,,5029,3
 그때가 그러니까 한스가 두 살배기였을 때예요,1,,5029,4
봄철이라 핀 다채로운 꽃들을 보고 아가는 많이 기뻐했더랬죠,1,,5029,5
그래서 엄마는 한스를 데리고 더 숲 속으로 들어가 보았답니다,5,,5029,6
그때 별안간 두 산적들이 울창한 수풀에서 튀어나오더니 엄마와 아이를 붙잡아 깜깜한 숲속 저 멀리로 끌고 가버렸어요,2,,5029,7
 한번 들어가면 나올 수 없는 깊은 숲으로 말이죠,2,,5029,8
"가련한 여인은 산적들에게 자신과 아이를 풀어 달라 사정사정해보았지만, 돌처럼 매정한 산적들은 그녀의 기도와 탄원을 들은 척도 하지 않았어요",2,,5029,9
 도리어 더 거칠게 숲으로 끌고갈 뿐이었죠,2,,5029,10
"그렇게 수풀들과 가시덤불들 사이로 3킬로미터나 더 들어가니, 문이 하나 나 있는 바위가 나왔어요",2,,5029,11
산적들이 똑똑 노크를 하니 즉시 문이 열렸어요,2,,5029,12
길고 어두운 통로를 지나 마침내 큰 동굴로 들어서니 난로 불이 사방을 밝히고 있었지요,2,,5029,13
벽엔 검들과 ‘기병도’와 다른 무시무시한 무기들이 불빛을 반사하며 으름장을 놓고 있었어요,2,,5029,14
한가운데에 있던 검은 식탁에 네 명의 다른 산적들이 노름을 하고 있었어요,2,,5029,15
맨 윗자리에 두목이 앉아 있었죠,2,,5029,16
여자가 들어오는 것을 본 두목이 다가와 말했어요,5,,5029,17
"*편히 있으슈, 두려워 말고, 해치지 않을 거유, 단 이제부터 집안일을 좀 해주시구려",5,1,5029,18
 정리만 잘해준다면 크게 해코지 당할 일을 없을 게유*,5,1,5029,19
"그런 까닭에 그들이 그녀에게 먹을 것을 좀 주며, 아이와 함께 잘 침대도 보여주었지요",5,,5029,20
"그리하여 여자는 산적들과 수년을 함께 머무르게 되었지요, 그리고 한스는 무럭무럭 자라 키도 커고 강해졌어요",5,,5029,21
"엄마는 그에게 얘기도 들려주고, 동굴에서 찾은, 기사들이 나오는 낡은 동화책들로 읽는 법도 가르쳐주었답니다",5,,5029,22
"한스는 아홉 살이 되었을 때, 혼자서 전나무 가지를 하나 꺾어 강력한 몽둥이를 하나 만들더니 침대 뒤에 숨기곤, 엄마에게 가 말했어요",5,,5029,23
"*사랑하는 엄마, 누가 제 아빠인지 말해주세요, 알고 싶고 꼭 알아야겠어요*",5,1,5029,24
 엄마는 아무런 말도 하지 않았답니다,5,,5029,25
 아이가 향수병에 걸릴까봐 그랬죠,5,,5029,26
 더구나 산적들이 그를 놓아줄 리가 없었거든요,5,,5029,27
 하지만 아이가 아빠를 못 만나는 걸 생각하니 엄마 마음은 무너졌답니다,5,,5029,28
밤에 산적들이 약탈 물들을 가지고 돌아와서요,5,,5029,29
한스는 자신의 몽둥이를 꺼내들고 두목 앞으로 나아가 말했어요,2,,5029,30
"*누가 내 아빠요, 이젠 알아야겠소, 말하지 않음 내가 당신들을 때려눕힐 테요*",2,1,5029,31
"그때 두목이 껄껄 웃더니 한스의 귀방망이를 한 대 후려갈겼죠, 그 바람에 한스가 식탁 아래로 데굴데굴 굴렀답니다",2,,5029,32
다시 일어선 한스는 입을 꾹 다물고 생각했지요,2,,5029,33
"*1년 더 기다려보고 다시 해보자, 아마 그땐 지금보다 상황이 더 낫겠지*",2,1,5029,34
" 1년이 지나가고, 그가 다시 자신의 몽둥이를 꺼내 먼지를 툭툭 튼 다음 감탄하며 말했어요",5,,5029,35
*역시나 강력한 몽둥이야*,5,1,5029,36
밤에 산적들이 돌아와 차례로 포도주를 마셔댔고 고개가 축축 쳐지기 시작했지요,5,,5029,37
그때 한스가 자신의 몽둥이를 꺼내 두목 앞에 나서며 ,2,,5029,38
*누가 내 아빠요*,2,1,5029,39
라고 물었어요,0,,5029,40
"하지만 두목은 이번에도 사정없이 한스의 귀방망이를 후려갈겼고, 한스는 식탁 밑으로 데굴데굴 굴렀지요",2,,5029,41
하지만 1년 전과는 달리 한스가 금방 다시 일어나더니 두목과 산적들을 자신의 몽둥이로 인정사정없이 때리기 시작했어요,2,,5029,42
 그 바람에 산적들이 팔이건 다리건 더는 꿈쩍도 못하고 말았답니다,2,,5029,43
엄마는 아들의 용기와 강함에 탄복하며 구석에 서 있었답니다,2,,5029,44
한스가 일을 다 치른 다음 엄마에게 가 말했어요,2,,5029,45
"*이제 제 스스로를 증명했으니 누가 제 아빤지 알아야겠어요, 지금 당장*",2,1,5029,46
*사랑하는 한스야*,2,1,5029,47
라며 엄마가 대답했어요,0,,5029,48
"*가자, 우리 아빠를 찾아가 보자구나*",5,1,5029,49
그녀가 두목에게서 출입구 열쇠를 찾아냈어요,5,,5029,50
 그리고 한스는 큰 포대자루를 가져와 금이건 은이건 눈에 띄는 대로 아름다운 건 죄다 포대자루가 가득 찰 때까지 쓸어 담았지요,5,,5029,51
 그런 다음 그가 포대자루를 등에 짊어졌어요,5,,5029,52
"그들이 어두운 동굴에서 나오는데, 생전처음 보는 대낮의 밝음과 푸르른 숲과 꽃 그리고 새들과 하늘에 비치는 아침 햇살이 어찌나 눈부신지 한스의 두 눈이 휘둥그레졌답니다",5,,5029,53
그는 그렇게 모든 것들을 경이로운 시선으로 바라보며 서 있었지요,5,,5029,54
결국 엄마가 집으로 가는 길을 찾아냈어요,5,,5029,55
그들은 두 세 시간 정도를 걸어 외진 골짜기 속에 있는 자신들의 작은 집에 도착하였답니다,5,,5029,56
아빠가 출입구에 앉아 있었어요,5,,5029,57
아빠는 아내를 알아보고 아내에게서 ,1,,5029,58
*이 애가 아들이에요*,1,1,5029,59
라는 말을 전해듣고는 기쁨의 눈물을 흘렸답니다,1,,5029,60
 왜냐면 아빠는 그들이 예전에 죽은 줄로만 알았거든요,1,,5029,61
한스는 비록 이제 12살밖에 안 되었지만 아빠보다 키가 머리 하나만큼 더 컸답니다,1,,5029,62
그들은 함께 자그마한 방 안으로 들어갔지요,1,,5029,63
" 하지만 한스가 등에 이고 있던 포대자루를 난로 옆 긴 의자 위에 내려놓자마자 온 집이 우두둑 금이 가는 소리가 나더니 긴 의자가 와장창 부서지며 바닥까지 툭하고 꺼지고 말아, 무거운 포대자루가 지하실까지 떨어지고 말았답니다",5,,5029,64
*주여*,5,1,5029,65
라며 아빠가 소리쳤어요,5,,5029,66
*이게 다 무슨 일이람? 우리 작은 집이 산산조각 다 부서지지 않았니*,5,1,5029,67
"*걱정 마요, 사랑하는 아빠*",5,1,5029,68
라며 한스가 대답했어요,0,,5029,69
"*여기, 이 포대자루 속에는, 새집을 짓고도 남을 만큼 돈이 많이 들었으니까요*",5,1,5029,70
"아빠와 한스는 즉시 새 집을 짓기 시작했어요, 그리고 가축과 땅도 사들이고, 사육장도 하나 만들었지요",5,,5029,71
"한스가 밭을 갈 때면, 자기 힘으로 직접 땅을 쟁기를 끌었기에, 굳이 수소가 필요가 없었지요",5,,5029,72
"봄이 다시 찾아오자, 한스가 말했어요",5,,5029,73
"*아부지, 돈은 다 가지시고, 제겐 그냥 50킬로그램짜리 방망이 하나만 만들어주세요, 그럼 그걸 가지고 세상 여행을 나서볼게요*",5,1,5029,74
"소원하던 방망이가 다 만들어지자, 한스는 아빠 집을 떠나 세상을 향해 깊게 깊게 나아갔답니다",5,,5029,75
 그러다 울창한 숲에 도착했지요,5,,5029,76
그때 무엇인가가 ,5,,5029,77
*우두둑 찍*,5,1,5029,78
 하는 소리가 주위에서 들려왔어요,5,,5029,79
그가 보니 전나무 하나가 마치 새끼줄처럼 바닥에서부터 꼭대기까지 비비 꼬아져있지 뭐예요,5,,5029,80
 그가 위쪽을 바라보니 한 덩치 큰 친구가 그 나무를 부여잡고는 마치 버드나무 지팡이마냥 ‘꼬고’ 있지 뭐예요,5,,5029,81
*어이*,5,1,5029,82
라며 한스가 소리쳤어요,0,,5029,83
*거기서 뭐하는감*,5,1,5029,84
그 친구가 대꾸했어요,0,,5029,85
*어제 해놓은 나무들로 새끼줄을 ‘꼬고’ 있네*,5,1,5029,86
"‘그 마음에 드는데,’라며 한스가 생각했어요",5,,5029,87
 ‘참 힘센 친구야,5,,5029,88
’그가 그를 다시 부르더니 말했어요,5,,5029,89
*그건 그냥 두고 나랑 같이 가세나*,5,1,5029,90
그 친구가 내려왔어요,5,,5029,91
 그는 한스보다 머리통 하나만큼이나 더 키가 컸답니다,5,,5029,92
 한스도 작은 키가 아닌데 말이죠,5,,5029,93
*이제부터 자네 이름은 ‘전나무로 새끼 꼬는 자’일세*,5,1,5029,94
라며 한스가 그에게 말했어요,5,,5029,95
그 후 그들이 좀 더 숲속으로 들어가 보니 뭔가를 툭툭 두드리며 땅도 산산조각 낼만큼 강력한 힘으로 해머질을 하고 있는 게 들렸어요,5,,5029,96
"그 후 얼마 안돼서 그들이 거대한 바위 하나에 도착했는데, 그 앞에서 어떤 거인이 떡하니 버티고 서선 자신의 주먹으로 바위를 때리며 박살을 내고 있던 중이었어요",5,,5029,97
한스는 ,5,,5029,98
*아니 대체 뭐하시는 게요*,5,1,5029,99
라고 물었어요,0,,5029,100
그가 대답했지요,0,,5029,101
"*밤에, 잘 때, 곰들이나, 늑대들, 그 밖의 해로운 동물들이 코를 킁킁거리며 내 냄새를 맡고 찾아오지 못하게 쉴 집을 짓고 있던 참이오*",5,1,5029,102
" ‘오, 정말,’라며 한스가 생각했어요",5,,5029,103
 ‘이 친구도 써먹을 데가 있겠어,5,,5029,104
’그래서 그에게 제안했지요,5,,5029,105
"*자네 집 짓는 건 나두고, 나랑 같이 가세나",5,1,5029,106
 이제부터 자네를 ‘돌 깨부수는 자’라고 부르겠네*,5,1,5029,107
그 남자도 선뜻 동의했어요,5,,5029,108
그래서 그들 셋은 숲을 이리저리 돌아다녔답니다,5,,5029,109
 그들이 어딜 가든 들짐승들은 겁을 집어먹고 달아나기 바빴지요,5,,5029,110
저녁이 되어 그들은 오래돼 버려진 성에 도착했어요,5,,5029,111
 그들은 그 안으로 들어가 홀에 잠자리를 마련하고 드러누웠죠,5,,5029,112
다음날 아침 한스는 정원으로 나가보았어요,5,,5029,113
가시나무들과 수풀들이 온통 제멋대로 자라고 있었어요,5,,5029,114
 그가 그렇게 주변을 둘러보고 있는데 난데없이 야생 멧돼지 한 마리가 돌진해왔어요,5,,5029,115
 하지만 한스가 자신의 방망이로 한 방 제대로 날려버렸더니 멧돼지가 곧바로 뻗어버렸답니다,5,,5029,116
그는 어깨에 멧돼지를 짊어 메고 안으로 들어와 쇠꼬챙이에 꽂고 구운 다음 다함께 맛좋게 먹었답니다,5,,5029,117
그런 다음 그들은 매일 번갈아가며 두 명은 나가서 사냥을 하고 한 명은 집에 머물며 각자가 먹을 4킬로그램의 고기를 요리해놓기로 했지요,5,,5029,118
"첫째 날엔 ‘전나무로 새끼 꼬는 자’가 집에 머물고, 한스와 ‘돌 깨부수는 자’가 사냥을 나갔답니다",5,,5029,119
"‘전나무로 새끼 꼬는 자’가 바삐 요리를 하고 있는데, 주름살이 깊게 벤 나이 많은 난쟁이가 성안으로 들어오더니 고기를 좀 달라고 요구해왔어요",2,,5029,120
"*꺼져, 이 교활한 위선자야*",2,1,5029,121
라며 그가 대답했지요,0,,5029,122
*너 줄 고기가 어디 있어*,2,1,5029,123
하지만 이 작고 시답잖은 난쟁이가 그에게 달려들며 주먹질을 해왔을 때는 ‘전나무로 새끼 꼬는 자’도 깜짝 놀라고 말았답니다,2,,5029,124
도저히 당해낼 수가 없어 ‘전나무로 새끼 꼬는 자’는 땅바닥위에 뻗은 채 숨만 간신히 쉬고 있었거든요!,2,,5029,125
난쟁이는 그를 상대로 완전히 분풀이를 하고서야 가버렸답니다,2,,5029,126
"다른 두 사람이 사냥에서 돌아왔을 때, ‘전나무로 새끼 꼬는 자’는 자신을 두들겨 팬 그 늙은 난쟁이에 대해선 한마디도 하지 않았어요",2,,5029,127
그가 생각했지요,2,,5029,128
"‘저들도 집에 있다, 그 작은 수세미 놈과 한 판 떠봐야해’",2,,5029,129
생각만 했는데도 그는 벌써 기뻤답니다,2,,5029,130
다음날 ‘돌 깨부수는 자’가 집에 머물다가 ‘전나무로 새끼 꼬는 자’가 어제 겪었던 일을 경험하고 말았답니다,5,,5029,131
 그도 고기 한 점을 안 주려다가 그만 그 난쟁이에게 호되게 당하고 말았던 거예요,5,,5029,132
"저녁이 되어 다른 두 사람이 집에 돌아왔을 때, ‘전나무로 새끼 꼬는 자’는 ‘돌 깨부수는 자’도 당한 걸 쉽게 눈치 챌 수 있었죠",5,,5029,133
 하지만 둘 다 입을 다물곤 생각했어요,2,,5029,134
‘한스도 그 주먹맛을 봐야해’,2,,5029,135
"다음날 한스가 집에 머무는 날이 되어 그가 부엌에서 할 일들을 하며 프라이팬에서 쇠똥을 제거하며 서 있는데, 그 난쟁이가 오더니 다짜고짜 고기 한 점을 내놓으라고 요구했어요",5,,5029,136
그때 한스가 생각했지요,5,,5029,137
"‘불쌍하니, 내 몫을 좀 나눠줘야겠군, 그럼 다른 사람의 몫은 줄지 않을 테니까",5,,5029,138
’그가 고기 한 점을 건네주었어요,5,,5029,139
난쟁이가 순식간에 먹어치우더니 ,5,,5029,140
*더 달라*,5,1,5029,141
고 다시 요구해왔어요,5,,5029,142
성품이 고운 한스가 좀 더 주며 말했지요,5,,5029,143
"*이게 가장 맛있는 부위야, 그러니 이거 먹고 만족하렴*",5,1,5029,144
하지만 난쟁이는 세 번째로 재차 더 달라 요구했어요,2,,5029,145
*저런 뻔뻔한 녀석*,2,1,5029,146
라며 한스가 말하며 하나도 주지 않았어요,2,,5029,147
그러자 심술궂은 난쟁이가 그에게 달려들며 ‘전나무로… 새끼 꼬는 자’와 ‘돌… 깨부수는 자’에게 했듯 주먹질을 해댔어요,2,,5029,148
 하지만 그 난쟁이는 이번만은 임자 잘못 만난 거였죠,2,,5029,149
한스가 굳이 온 힘을 다하지 않고도 두 서너 방 먹였더니 난쟁이가 계단 저 아래로 나가떨어지고 말았거든요,2,,5029,150
"한스가 막 뒤쫓아 가려다 자신의 키가 너무 커 멈칫했지요, 잘못하면 계단에서 굴러떨어지니까요",2,,5029,151
그 바람에 난쟁이가 다시 일어났을 때엔 도망칠 여유가 생겼답니다,2,,5029,152
"한스는 그럼에도 불구하고 숲 아주 깊숙이까지 난쟁이를 뒤쫓아 갔어요, 그때 난쟁이가 바위 속 구멍 안으로 쏙 미끄러져 들어가는 게 보이지 뭐예요",2,,5029,153
한스는 이제 집에 돌아왔지요,5,,5029,154
 하지만 표시를 해두고 오는 걸 잊이 않았답니다,5,,5029,155
다른 두 사람이 돌아왔을 때 그들은 한스가 멀쩡한 것을 보고 깜짝놀랐어요,5,,5029,156
무슨 일이 있었나를 한스가 그들에게 말해주었죠,5,,5029,157
 그래서 그들도 자신들이 당한 사실을 더는 숨기지 않았답니다,5,,5029,158
한스는 ,5,,5029,159
*껄껄*,5,1,5029,160
 웃으며 말했어요,5,,5029,161
"*당해도 싸다, 그래 고기가 아까웠던 거야? 너희들 같이 이렇게 큰 애들이 그깟 난쟁이하나 당해내지 못해 얻어맞다니*",5,1,5029,162
"그런 까닭에 그들이 바구니와 새끼줄을 챙겨서, 난쟁이가 미끄러져 들어갔던 바위 속 구멍으로 가보았지요",5,,5029,163
그들은 우선 바구니에 한스와 한스의 방망이를 넣고 아래로 내렸어요,5,,5029,164
한스가 바닥에 도착해보니 문이 하나 나왔는데 그 문을 열고 들어가니 그림만큼이나 사랑스러운 아가씨가 앉아 있지 뭐예요,5,,5029,165
정말이지 이루 말로 다 표현할 수 없을 만큼 아리따운 처녀였어요,5,,5029,166
바로 그 옆에는 그 난쟁이가 앉아 있다 바다표범 같은 한스를 향해 씩 이빨을 드러내며 웃는 거예요!,2,,5029,167
"하지만 아가씨는 쇠사슬에 꽁꽁 묶여 있었고 슬픔을 자아내는 시선으로 한스를 바라봤기에, 한스는 그녀에게 무한 동정심을 느끼고 생각했어요",2,,5029,168
‘사악한 난쟁이로부터 뭔 수를 쓰서라도 저 아가씨를 구해내야겠다’,2,,5029,169
그리하여 한스가 자신의 방망이를 한방 세게 휘둘렀고 난쟁이가 죽어 쓰러지고 말았죠,2,,5029,170
 그 즉시 쇠사슬들이 아가씨에게서 흘러내렸어요,2,,5029,171
한스가 그녀의 미모에 흠뻑 취한 건 말할 필요도 없었지요,5,,5029,172
그녀가 말했어요,0,,5029,173
*저는 공주랍니다,2,1,5029,174
" 제가 결혼에 동의해주지 않았다는 이유로, 어느 야만스런 백작이 집에 있던 저를 납치해 이 바위 사이에 가두고 이 난쟁이를 시켜 지키게 했지요",2,1,5029,175
 그래서 저는 비참함과 고통을 참아야만 했어요*,2,1,5029,176
이제 한스가 그 아가씨를 바구니에 태워 위에서 끌어올리게 했답니다,2,,5029,177
바구니가 다시 내려왔아요,2,,5029,178
 하지만 한스는 두 동료를 신뢰할 수가 없었죠,2,,5029,179
한스가 생각했어요,2,,5029,180
"‘저들은 벌써 내게 거짓말을 했어, 난쟁이에 관한 얘기를 내게 안 말했었잖아, 이제와 저들이 내게 어찌 나올지 알고?’",2,,5029,181
"그래서 한스는 바구니에 자신의 방망이를 넣었지요, 정말 운이 좋았어요, 왜냐면 바구니가 반쯤 올라갔을 때 뚝하고 다시 떨어졌거든요",2,,5029,182
만에 하나 한스가 타고 있었다면 틀림없이 떨어져 죽고 말았을 거예요,2,,5029,183
"하지만 그건 그거고 이건 이거고, 도대체 이 깊은 땅 밑에서 어떻게 다시 지상으로 돌아간단 말인가요 ",2,,5029,184
그래서 그가 돌아서 빠져나갈 틈이라도 있는지 살펴보기로 결심했어요,5,,5029,185
*정말 최악인데*,5,1,5029,186
라며 그가 혼잣말로 말했어요,5,,5029,187
*이러다 세월 다 보내겠어*,5,1,5029,188
"그가 앞뒤로 걷다, 아가씨가 앉아 있던 그 작은 방으로 다시 들어가 보았더니, 난장이가 손가락에 끼고 있던 반지 하나가 번득이고 있는 게 아니겠어요",5,,5029,189
"그래서 한스가 그걸 빼내 자신의 손가락에 끼운 다음 돌려보았더니, 순간 머리 위에 뭔가가 빙빙 도는 소리가 나는 거예요",5,,5029,190
"그가 올려다보니 허공에 요정들이 맴돌고 있다, ",5,,5029,191
*주인님 무슨 분부라고 있으신가요*,5,1,5029,192
라고 말하지 않겠어요,0,,5029,193
한스는 순간 말문이 막혀 멍하니 있다 곧 ,5,,5029,194
*그럼 나를 지상으로 다시 데려다줘*,5,1,5029,195
라고 말했지요,0,,5029,196
"요정들이 즉시 그 말을 따랐고, 한스는 자신이 위로 나는 듯한 느낌을 받았죠",5,,5029,197
하지만 그가 다시 위로 올라왔을 땐 아무도 없었어요,5,,5029,198
‘전나무로 새끼 꼬는 자’와 ‘돌 깨부수는 자’가 아름다운 아가씨를 데리고 서둘러 떠나버렸던 거지요,5,,5029,199
 하지만 한스는 반지를 돌려 그들이 어디로 갔는지 요정들에게 물었어요,5,,5029,200
*그들은 바다 위에 있어요*,5,1,5029,201
한스는 한 번도 쉬지 않고 달리고 또 달려 마침내 해안가에 도착했어요,5,,5029,202
"거기서 보니 바다 저 멀리, 멀리에 신의 없는 자신의 동료들이 작은 배에 앉아 있는 게 보였어요",5,,5029,203
순간 화가 난 한스가 자신이 무얼 하려는지도 모른 채 성큼 앞으로 내딛다 그만 손에 무거운 방망이를 쥔 채 물 속에 풍덩 빠지고 말았어요 ,3,,5029,204
헤엄을 치기 시작했지만 50킬로그램짜리 방망이 때문에 점점 물속으로 가라앉아 잘못하다간 물에 빠져 죽게 생겼어요,3,,5029,205
그 위기일발의 순간에 그가 반지를 돌리는데 성공했어요 ,3,,5029,206
그 즉시 허공에 요정들이 나타나 그를 붙들고서 마치 제비처럼 가볍게 그 배에다 내려다주었어요,3,,5029,207
한스가 자신의 방망이를 휘둘러 사악한 동료들에게 마땅한 응보를 치르게 하곤 그들을 물속에 처박아버렸어요,3,,5029,208
그런 다음 그는 아름다운 아가씨와 항해를 했답니다,1,,5029,209
 물론 아가씨가 무척이나 놀란 상태였긴 했지만요,1,,5029,210
그는 두 번씩이나 구한 그녀를 그녀의 아빠 엄마가 계신 집으로 데려다주었지요,1,,5029,211
" 거기서 그는 그녀와 결혼식을 올렸고, 그래서 모두들 대단히 기뻐하였답니다",1,,5029,212
늑대가 양떼무리에서 떨어진 어린양을 만났어요,5,,3001,1
그래서 잡아먹기로 작정했지요,2,,3001,2
그래서 그렇듯 한 구실을 대 잡아먹을 생각을 했어요,2,,3001,3
늑대가 어린양에게 말했어요,2,,3001,4
"*어이, 네가 작년에 나 욕했지*",2,1,3001,5
*정말*,2,1,3001,6
라며 어린양이 애처로운 목소리로 말했어요,2,1,3001,7
*전 작년에 태어나지도 않은 걸요*,2,1,3001,8
그러자 늑대가 ,0,,3001,9
*내 풀밭에서 잔디를 뜯어먹었더군*,2,1,3001,10
라고 말했어요,0,,3001,11
"*아뇨, 선생님*",2,1,3001,12
라며 어린양이 대꾸했어요,0,,3001,13
*전 아직 잔디를 맛본 적도 없는 걸요*,2,1,3001,14
늑대가 재차 말했어요,0,,3001,15
*내 샘물을 마셨더구나*,2,1,3001,16
*아뇨*,2,1,3001,17
라며 어린양이 소리쳤어요,3,,3001,18
"*전 아직 물이란 걸 마셔본 적이 없는 걸요, 아직 엄마 젖만 먹고 마시고 있어요*",3,1,3001,19
그러자 늑대는 다짜고짜 어린양을 움켜잡더니 꿀꺽 잡아먹어버리더니 말했어요,3,,3001,20
"*네가 내 말에 아무리 논박을 해도, 저녁식사를 내가 마다할 리야 없지*",3,1,3001,21
악당은 언제나 자신들의 악행에 대해 그럴듯한 구실을 찾는 법이랍니다,5,,3001,22
 박쥐와 족제비땅에 떨어진 박쥐 한 마리가 족제비에게 붙잡히고 말았어요,2,,3002,1
박쥐는 살려달라고 애원했지요,2,,3002,2
족제비가 거절하며 말했어요,2,,3002,3
*우리 족제비들은 원래 모든 새들의 적이다*,2,1,3002,4
그러자 박쥐는 ,0,,3002,5
"*저는 새가 아니라, 생쥐랍니다*",2,1,3002,6
라고 말하고 증명해보인 후에서야 가까스로 풀려날 수 있었답니다,5,,3002,7
그 후 얼마 못가서 그 박쥐가 또 땅에 떨어졌다 이번에 다른 족제비에게 붙잡히고 말았어요,2,,3002,8
박쥐는 이번에도 ,0,,3002,9
*저를 잡아먹지 말아주세요*,2,1,3002,10
라고 탄원했지요,2,,3002,11
족제비가 말했어요,0,,3002,12
*우리 족제비들은 생쥐들에 특별히 악 감정이 있지*,2,1,3002,13
그러자 박쥐가 ,0,,3002,14
"*저는 생쥐가 아니라, 박쥐랍니다*",2,1,3002,15
"라고 말하고 증명해보인 보였고, 그런 연고로 두 번씩이나 풀려날 수 있었지요",5,,3002,16
이렇듯 누구나 자신의 상황을 봐가며 그때그때 처신해야한답니다,5,,3002,17
당나귀가 하루는 메뚜기들의 울음소리를 듣고는 매료된 나머지 자신도 그와 같은 하모니를 내고 싶어 ,1,,3003,1
*도대체 무얼 먹으면 너희들처럼 그런 고운 소리를 낼 수 있니*,1,1,3003,2
라고 메뚜기들에게 물어보았지요,0,,3003,3
메뚜기들이 대답했어요,0,,3003,4
*이슬*,5,1,3003,5
그래서 당나귀는 그날부터 이슬만 먹고 살다 얼마안가 굶어죽고 말았답니다,5,,3003,6
생쥐 한 마리가 얼굴 위를 밟고 지나가는 바람에 사자가 자다 깼어요,2,,3004,1
"벌컥 화가 난 사자가 생쥐를 잡아 막 죽이려던 찰나에, 생쥐가 간절히 자비를 부탁하며 말했어요",2,,3004,2
*살려만 주신다면 이 은혜를 꼭 갚을 게요*,2,1,3004,3
그 말이 웃겨서 사자는 생쥐를 놓아주었답니다,5,,3004,4
이 일이 있고 머지않아 사냥꾼들이 놓은 덫에 그 사자가 걸리고 말았어요,5,,3004,5
사냥꾼들은 단단한 끈들로 사자는 단단히 묶어놓았답니다,5,,3004,6
 사자가 포호하는 소리를 그 생쥐가 듣고서 오더니 자신의 이빨로 끈을 갉아먹기 시작해 사자를 다시 풀어주었어요,5,,3004,7
생쥐가 외쳤죠,0,,3004,8
"*제가 도와드린다고 말씀드렸을 때 절 비웃으셨죠, 제게서 도움 받을 일은 없다면서요",1,1,3004,9
 그런데 지금 이렇게 구해드리잖아요,1,1,3004,10
 이젠 생쥐도 사자님을 구할 수 있다는 걸 아셨죠*,1,1,3004,11
숯꾼이 자신의 집에서 사업을 시작했답니다,1,,3005,1
"그러다 한 친구를 사귀게 되었는데요, 그는 빨래집 주인이었어요",1,,3005,2
그가 마음에 든 숯꾼이 말했어요,1,,3005,3
*내 집에 들어와 함께 살자,1,1,3005,4
"그럼 사이도 더 좋아질 거고, 생활비도 절약될 거 아니니*",1,1,3005,5
그러자 빨래집 주인이 이렇게 응수했답니다,2,,3005,6
"*저한텐 최악인데요, 제가 형네 집에 들어가 살다가는, 제 빨래 감들이 형 숯들 때문에 금방 새까맣게 변할 거 아니에요*",2,1,3005,7
끼리끼리 모이는 법이랍니다,5,,3005,8
지들끼리 하도 싸우는 아들들을 둔 아빠가 한 분 계셨어요,5,,3006,1
"격려와 훈계로 아들들의 싸움을 말려도 보았지만 모두 실패하자, 아빠는 실제적인 사례를 보여주자 결심했지요",5,,3006,2
 분열이 나쁜 사례 말이에요,5,,3006,3
그래서 아빠는 아들들보고 각자 나뭇가지 한 묶음씩을 구해오라고 시켰죠,5,,3006,4
"아들들이 저마다 구해오자, 아빠는 나무 한 단씩을 아들들의 손에 잇달아 안겨주며 부러뜨려보라 시켰어요",5,,3006,5
아들들은 있는 힘을 다 해보았지만 그 나무 묶음을 부러뜨릴 수 없었어요,2,,3006,6
"다음으로 아빠가 나무 한 개씩만 따로 빼내어 한 사람씩 손에 쥐어주며 부러뜨려보라 말했고, 이번엔 아들들도 쉽사리 부러뜨릴 수 있었어요",2,,3006,7
그러자 아빠가 다음과 같은 말씀을 하셨어요,0,,3006,8
"*아들들아, 너희가 마음을 합치고 서로 돕는다면 너희는 이 나무 묶음처럼 될 수 있다 그럼 누가 너희들을 해코지하려해도 실패할 것이다",5,1,3006,9
 하지만 너희가 서로 불열하고 다툰다면 이 나무 막대기처럼 쉽게 부러지고 만단다*,5,1,3006,10
메뚜기를 잡으러 나선 소년이 있었어요,5,,3007,1
그래서 메뚜기들을 잔뜩 잡았답니다,5,,3007,2
"그러다 전갈 한 마리를 발견했는데, 소년은 그만 그 전갈도 메뚜기라 착각하고서 손을 내뻗어 쥐고 말았어요, 전갈을 말이죠",2,,3007,3
전갈이 독침을 드러내며 말했어요,2,,3007,4
"*나를 건들지만 않았어도, 목숨을 잃지도 그리고 그 많은 메뚜기들을 잃지도 않았을 텐데*",2,1,3007,5
수탉이 자신의 가족과 암탉을 위해 먹이를 찾아 땅을 긁다 그만 보석을 하나 발견하곤 탄식하며 말했어요,5,,3008,1
"*내가 아니라, 네 원주인이 널 찾았더라면 좋아라하고 귀하게 다루었겠지만, 넌 내겐 전혀 쓸모가 없구나, 차라리 이 세상 모든 보석들보다 지금 당장은 보리알 한 알이 내겐 더 필요하거든*",4,1,3008,2
벌판과 숲의 짐승들이 사자 한 마리를 자신들의 왕으로 모시고 있었답니다,1,,3009,1
그 사자는 화를 잘 내지도 그렇다고 잔인하거나 포악하지도 않았죠,1,,3009,2
 왕이 할 수 있는 가장 온화하고 정의로운 분이셨답니다,1,,3009,3
그는 재임기간 중 새와 짐승 모두를 회의에 소집해 동물들 모두에게 적용되는 안건을 통과시켰답니다,1,,3009,4
"*늑대든 어린양이든, 표범이든 새끼염소든, 호랑이든 수사슴이든, 개든 산토끼든 이제 모두는 완전한 평화와 친목 속에 살 수 있어야 한다*",1,1,3009,5
그러자 산토끼가 눈물을 흘리며 말했어요,1,,3009,6
"*오, 이 날만을 얼마나 간절히 바래왔던가, 약자가 강자를 두려워하지 않고 살 수 있는 세상 말이야*",1,1,3009,7
이후 산토끼는 평생 마음껏 뛰어다닐 수 있었다네요,1,,3009,8
목에 가시가 걸린 늑대가 두루미를 찾아가 말했어요,5,,3010,1
*보답은 두둑이 할 테니 네 머리를 내 입에 넣어서 가시 좀 빼주렴*,5,1,3010,2
가시를 뽑아낸 두루미가 약속한 보답을 요구했어요,5,,3010,3
그러자 늑대가 자신의 무시무시한 이빨을 드러내며 이를 갈더니 큰소리로 말했어요,2,,3010,4
"*흥, 늑대의 아가리와 턱에 네 머리를 집어넣고도 무사히 다시 뺄 수 있었다면 이미 보상은 두둑이 받은 거 아냐*",2,1,3010,5
"아셨죠, 사악한 사람을 도울 땐 절대 보답을 기대해선 안 돼요 ",5,,3010,6
차라리 그 과정에서 해코지라도 당하지 않은 걸 천만다행으로 생각해야한답니다,5,,3010,7
음악에 조예가 깊던 한 어부가 자신의 피리와 그물을 가지고 해안가로 갔어요,0,,3011,1
"그물을 아래에 설치한 다음, 돌출된 바위 위에 선 어부는 ‘물고기들이 내 멜로디에 이끌려 그물 속으로 춤을 추며 들어오겠지’라는 기대에 부풀어 몇 곡조 피리를 불었답니다",5,,3011,2
하지만 아무리 기다려도 물고기 한 마리 그물로 들어오지 않지 뭐예요,2,,3011,3
그래서 그가 피리를 내려놓고 바다로 그물을 던진 후 끌어올렸더니 엄청난 수의 물고기들이 올라왔어요,2,,3011,4
바위 위에서 그물 속에 갇힌 물고기들이 사방으로 팔짝거리며 춤을 춰대는 꼴을 보고 있자니 어부가 저도 모르게 이렇게 말했지요,5,,3011,5
"*오, 이 제멋대로인 것들아, 내가 춤을 춰달고 그렇게 피리를 불러댈 동안엔 코빼기도 안 보이더니, 이제 가만히 좀 있어 달라 비니 이토록 명량하게 춤을 추는 거니*",5,1,3011,6
마부가 하루는 시골 길을 따라 마차를 몰고 가다 그만 수레바퀴들이 웅덩이 속에 깊게 빠지고 말았어요,2,,3012,1
시골 마부는 너무 놀라 망연자실해진 나머지 자신의 마차 옆에 서서 멀거니 바라만보고 있다 큰 고함을 치며 ,2,,3012,2
"*헤라클레스여, 오셔서 저 좀 도와주소서*",2,1,3012,3
라고만 말할 뿐이었어요,0,,3012,4
그 말대로 헤라클레스가 직접 나타나긴 했는데 다짜고짜 이렇게 마부에게 말하는 게 아니겠어요,2,,3012,5
"*저 수레바퀴들을 자네 어깨로 들어보는 시늉이라도 좀 하든가, 아님 황소를 뾰족한 막대기에 꽂아 굽기라도 해보든가 뭔가 하는 시늉이라도 최선을 다해 한 다음에야 내 도움을 청해야할 것이 아닌가",2,1,3012,6
 그러지 않고서는 기도를 아무리 많이 해도 헛수고라네*,2,1,3012,7
하늘도 스스로 돕는 자를 돕는 법이랍니다,5,,3012,8
어느 활짝 갠 겨울날에 개미들이 자신들이 여름철에 모은 낟알들을 말리고 있었어요,5,,3013,1
그때 굶주림에 다 죽어가는 베짱이 한 마리가 지나가다 ,5,,3013,2
*먹을 걸 좀 만 나눠주겠니*,5,1,3013,3
라며 빌었어요,5,,3013,4
개미들이 베짱이에게 물었어요,0,,3013,5
*그럼 넌 여름철에 음식을 모아두지 않고 뭘 한 거니*,5,1,3013,6
베짱이가 대답했어요,5,,3013,7
*놀 시간도 부족하던걸,5,1,3013,8
 매일같이 노래하느라 다 보냈지*,5,1,3013,9
그러자 개미들이 조롱하며 말했어요,2,,3013,10
"*여름철 내내 노래나 하고 있을 정도로 어리석다면, 그럼 겨울엔 밥을 거르면서까지 춤만 춰대면 되겠네요*",2,1,3013,11
막 여행을 떠나려던 한 여행자가 문 앞에서 쭉 기지개를 펴고 서 있는 자신의 개를 보게 되었어요,5,,3014,1
빈정이 상한 그가 말했어요,2,,3014,2
"*너 왜 거기서 멍하니 서 있는 거니? 너 빼곤 다 준비했다고, 너도 나랑 갈거니 어서 준비해라*",2,1,3014,3
개가 자신의 꼬리를 살랑살랑 흔들며 대꾸했어요,1,,3014,4
"*오, 주인님! 전 준비 다 되어있었어요",1,1,3014,5
 전 지금 주인님이 준비 끝나시기만을 기다리고 있었는 걸요*,1,1,3014,6
늦장꾸러기는 자기 잘못은 못 보고 종종 남 탓을 하기 일쑤죠,5,,3014,7
개 한 마리가 입에 고깃점을 물고서 개울 위 다리를 건너다 물 위에 비친 자신의 그림자를 보고서 그게 자기 것보다 두 배가 큰 고깃점을 문 다른 개인 걸로 착각을 하고 말았어요,5,,3015,1
그 즉시 개가 물고 있던 고깃점을 떨어뜨리곤 사납게 다른 개에게로 달려들고 말았어요,2,,3015,2
그 개에게서 자기 거보다 더 큰 고깃점을 빼앗기 위해서였죠,2,,3015,3
그리하여 개는 둘 다를 잃고 말았답니다,2,,3015,4
"그가 물로 뛰어들어 왈칵 붙잡은 건 그림자였고, 그리고 자신이 원래 물고 있던 그 고깃점은 개울에 그냥 유유히 떠내려가고 말았으니까요",5,,3015,5
두더지는 태어날 때부터 앞이 안 보이는 동물이랍니다,0,,3016,1
그런데 하루는 두더지가 자신의 엄마보고 말했어요,0,,3016,2
"*엄마, 나 보이는 거 같아, 확실해*",5,1,3016,3
"그게 착각이란 걸 깨우치게 해주려는 목적에서, 엄마가 두더지 앞에 유향 알갱이 몇 개를 내려놓으며 물었어요",5,,3016,4
*이게 뭐니*,5,1,3016,5
어린 두더지가 씩씩하게 말했어요,5,,3016,6
"*응, 조약돌이야*",5,1,3016,7
그러자 엄마가 탄식하며 말했어요,4,,3016,8
"*얘야, 난 네가 눈이 먼 것도 모자라 냄새 맡는 능력까지 잃었을까 두렵구나*",4,1,3016,9
목동이 소떼를 끌고 숲에 들어갔다 그만 어린숫송아지 한 마리를 잃고 말았어요,4,,3017,1
한참을 정처 없이 찾던 목동이 이렇게 맹세를 했지요,4,,3017,2
"*송아지를 훔쳐간 도둑놈만 찾을 수 있다면, 헤르메스와 판 그리고 숲의 수호신님들을 위해 어린양 한 마리를 제물로 내놓겠습니다*",4,1,3017,3
"그 후 머지않아 그가 조금 높은 곳으로 올라가보았더니, 발에 송아지를 놓고 막 잡아먹고 있는 사자를 발견하게 되었어요",2,,3017,4
그 광경에 소스라치게 놀란 목동이 두 손을 들어 하늘을 우러러보며 말했어요,2,,3017,5
*제가 도둑놈만 찾을 수 있다면 숲의 수호신들에게 어린양을 내 놓겠다 방금 맹세했습니다,2,1,3017,6
 그런데 이제는 따질 것도 없이 저 사자로부터 저라도 안전하게 도망칠 수 있다면 제가 방금 잃은 송아지에다 다 자란 황소까지 더해 제물로 드리겠나이다*,2,1,3017,7
토끼가 하루는 거북이의 짧은 다리와 느린 발걸음을 조롱했어요,5,,3018,1
거북이가 웃으며 대꾸했어요,5,,3018,2
*네가 아무리 날쌔게 잘 달린다 해도 난 널 달리기 시합에서 이길 수 있다고*,5,1,3018,3
그런 일은 절대 일어나지 않을 거라 확신한 토끼가 그 제안을 받아들였지요,5,,3018,4
그들은 여우보고 시합장소와 결승점을 정하게 했어요,0,,3018,5
시합 날 두 동물친구는 함께 출발을 하였답니다,0,,3018,6
거북이는 한시도 멈추지 않고 꾸준히 달렸어요,5,,3018,7
하지만  원체 느린 동물친구다 보니 발걸음은 너무 느리기만 했지요,5,,3018,8
그래도 그는 꾸준히 결승점까지 나아갔답니다,5,,3018,9
한편 자신만만하던 토끼는 길가 옆에 드러누워 잠시 눈을 붙이다 그만 곯아떨어지고 말았어요,2,,3018,10
"마침내 깬 토끼가 있는 힘껏 달려보았지만, 결승점에 이미 도착한 거북이가 노곤해선 꾸벅꾸벅 편안히 졸고 있는 모습만 봐야했지요",2,,3018,11
느려도 꾸준한 것이 시합에서 이기는 지름길이랍니다,5,,3018,12
하루는 석류나무와 사과나무가 서로 자신들이 가장 예쁘다며 말싸움을 하고 있었어요,2,,3019,1
"말싸움이 심해져 막 주먹다짐으로 번져가려고 할 때쯤, 가시나무가 근처 울타리에서 고개를 내밀며 한껏 뽐내는 말투로 이렇게 말했어요",2,,3019,2
"*됐어, 친구들, 내가 있는 한 그런 헛된 논쟁일랑은 그만 하라고*",5,1,3019,3
방금 막 씨를 뿌려놓은 밭에 농부가 덫들을 설치해놓았어요,5,,3020,1
그래서 씨를 주워 먹으러 온 학들을 많이 잡았죠,5,,3020,2
"게 중엔 덫에 그만 발이 걸려 다리가 부러지고 만 황새도 한 마리 붙잡혀 있었는데, 농부를 본 황새는 자신만은 살려 달라 애원했어요",5,,3020,3
"*저만은 살려주세요, 농부님*",4,1,3020,4
라며 황새가 말했어요,0,,3020,5
*이번 한 번만 놓아주세요,4,1,3020,6
 제 부러진 다리를 보시고 동정을 베풀어주세요,4,1,3020,7
" 게다가 저는 학이 아니에요, 저는 황새라고요",4,1,3020,8
 새들 중의 가장 고귀한 성격을 지닌 새 말이에요,4,1,3020,9
 저희 엄마 아빠가 저를 끔찍이도 사랑하시는 걸 생각해주세요,4,1,3020,10
 이번 한 번만 제발요,4,1,3020,11
 제 깃털을 보세요… 제가 어디 학처럼 생겼단 말씀이세요*,4,1,3020,12
농부가 껄껄 소리 내며 크게 웃더니 말했어요,5,,3020,13
*네가 하나만 알고 둘은 모르는 구나,5,1,3020,14
 이걸 알아야지,5,1,3020,15
 내가 너를 도둑들인 학들과 함께 잡았단 사실이다,5,1,3020,16
 그러니 너도 얘네들처럼 죽어야하지 않겠니*,5,1,3020,17
끼리끼리 모이기 마련이니 농부도 황새를 미워한 거죠,5,,3020,18
어느 추운 겨울날 농부가 길을 가다 추위에 거의 얼어 죽기 일보 직전인 독사를 한 마리 발견했어요,5,,3021,1
불쌍하게 여긴 농부가 독사를 집어 들어선 자신의 품으로 꼭 안아주었지요,5,,3021,2
따듯한 온기에 급히 되살아난 독사는 자신의 본능이 다시 발동해 은인을 꽉 물어 치명적인 상처를 입히고 말았어요,2,,3021,3
*오*,2,1,3021,4
라며 그 농부가 마지막 숨을 내쉬며 말했어요,0,,3021,5
*악당을 불쌍하게 여겼으니 이래도 싸지*,2,1,3021,6
친절한 행동에 배은망덕함으로 되갚아선 안 되겠죠,5,,3021,7
어린 새끼 사슴이 한 번은 자신의 엄마에게 말했어요,0,,3022,1
"*엄마는 개보다 더 크고 더 빠르고 달리기도 더 잘하잖아요, 그리고 자신을 보호할 수 있는 뿔들도 가지고 계시고요",5,1,3022,2
 그런데 왜 사냥개들만 보면 그렇게 기겁을 하시는 거예요? 넷 엄마*,5,1,3022,3
엄마가 살짝 미소를 지어보이며 말했어요,5,,3022,4
"*이제 다 컸구나, 우리 아들, 네 말이 다 맞다",5,1,3022,5
 네가 말한 그런 장점들을 내가 다 가지고 있는 건 맞단다,5,1,3022,6
 하지만 아주 작은 개라도 짖어대는 소릴 듣게 되면 기겁을 하고서 일단 달아날 준비부터 하게 되는 걸 난들 어쩌겠니*,5,1,3022,7
타고날 때부터 겁이 많은 사람들에겐 아무리 용기를 가지라 말해본들 소용이 없답니다,5,,3022,8
"곰이, 자신은 박애정신이 많다면 엄청 뽐내고 있었어요",1,,3023,1
"그러니까 곰의 말로는, 자신이 사람으로 치면 남들을 잘 배려해주고 사랑하는 그런 동물이라는 거지요",1,,3023,2
*난 죽은 것엔 손 하나 까딱하지 않거든*,1,1,3023,3
그러자 보다 못한 여우가 비씩 웃으며 곰에게 말했어요,2,,3023,4
*오! 산 걸 먹지 말고 죽은 것만 먹는 게 더 좋은 거 아냐*,2,1,3023,5
제비와 까마귀가 서로 자기들 깃털이 예쁘다고 말싸움을 벌이고 있었어요,2,,3024,1
마침내 까마귀가 다음과 같이 말함으로써 논쟁에 끝을 맺었답니다,2,,3024,2
"*봄엔 네 깃털이 아주 그럴 듯해 보이겠지만, 사실 겨울철 추위를 맞아주기에 내 깃털만한 게 없단다*",5,1,3024,3
좋을 때만 친구는 좋은 친구가 아니에요,5,,3024,4
"한번은 산이 심하게 흔들리더니, 큰 굉음과 소음들이 들려왔어요",2,,3025,1
깜짝 놀란 사람들이 무슨 일이 벌어진 건지 보려고 나왔죠,2,,3025,2
"사람들이 조마조마해 마지않고 짐짓 큰 기대를 하는 와중에, 끔찍한 침묵이 잠시 흐르는 거 같더니, 에게게 저게 뭐야 고작 생쥐 한 마리가 나오지 뭐예요",2,,3025,3
괜한 야단 법석 떨지 마란 말이에요,5,,3025,4
"당나귀와 여우가 서로를 보호해주기로 하는 파트너십을 맺고는, 숲으로 사냥을 하러 들어갔답니다",5,,3026,1
그들은 멀리 가지 않아 사자와 맞닥뜨리고 말았죠,2,,3026,2
상황이 너무도 긴박했기에 여우가 살며시 사자에게 다가가더니 ,2,,3026,3
*저를 해치시지만 않겠다면 당나귀를 속여 사로잡히게 도와드리겠습니다*,2,1,3026,4
라고 약속했어요,2,,3026,5
그런 다음 여우는 당나귀에게 다시 와선 ,2,,3026,6
"*절대 위험한 일은 없을 거야, 나만 믿어*",2,1,3026,7
라며 안심시키고는 당나귀를 깊은 구덩이로 데리고 가 빠지게 했어요,2,,3026,8
당나귀가 잡힌 것을 본 사자는 즉시 그 여우를 잡아먹고는 나중에 시간이 났을 때 그 당나귀마저도 잡아먹어버렸답니다,3,,3026,9
하루는 거북이 태양 볕을 받으며 일광욕을 하며 바닷새들에게 거북 자신의 억센 운명을 한탄하고 있었어요,4,,3027,1
*누구도 내게 나는 법을 가르쳐주지 않았어*,4,1,3027,2
때마침 근처를 빙빙 돌고 있던 독수리가 거북이 한탄하는 그 소리를 듣고서 말했어요,5,,3027,3
*내가 너를 높이 들어 올려 날 수 있게 공중에다 놓아주면 넌 내게 무얼 해줄래*,5,1,3027,4
*뭐든 다 해줄게*,5,1,3027,5
라며 거북이 말했어요,0,,3027,6
*바다에서 나는 건 다 해줄게*,5,1,3027,7
*그럼 내가 나는 법을 가르쳐줄게*,5,1,3027,8
라며 독수리가 말하더니 발톱으로 거북을 집어 들곤 손살 같이 날아올라 거의 구름 높이까지와 거북을 놓아주었어요,5,,3027,9
그러자 떨어지며 나는 듯 하다가 곧장 높이 솟은 산으로 떨어져 껍질이 산산조각 박살이 나고 말았답니다,2,,3027,10
거북이 마지막 숨을 몰아쉬며 탄식했어요,2,,3027,11
*난 이래도 싸,2,1,3027,12
" 날개와 구름이 나랑 무슨 상관이 있다는 거니, 난 그저 땅 위에서도 어렵게 어렵게 기어다니는 동물인데*",2,1,3027,13
"소망이 이루어졌다 마냥 좋아할 일이 아니랍니다, 곧 파멸이 다가올 수 있으니까요",2,,3027,14
꿀단지를 발견한 수많은 파리들이 가정주부의 방을 잔뜩 뒤덮었어요,5,,3028,1
그들은 자신들의 팔을 꿀단지에 담가 탐욕스럽게 맛을 보았죠,5,,3028,2
하지만 발을 꿀에 담그면 담글수록 자연스레 그들의 날개 또한 꿀에 젖어 날 수 없게 되었지요,2,,3028,3
결국 그들은 꿀의 끈적거림에 빠져나오지 못하고 익사하게 되었답니다,2,,3028,4
마지막 숨을 몰아쉬며 파리들이 탄식하며 말했어요,2,,3028,5
"*오 우리처럼 이렇게 미련한 것이 또 있을까, 꿀 조금 맛보려다 스스로를 파멸로 이끌고 말았으니 말이야*",2,1,3028,6
즐거움엔 고통이 따르는 법이랍니다,5,,3028,7
사람과 사자가 함께 숲으로 여행을 떠났어요,5,,3029,1
그러다 곧 서로 자기들 종족이 상대방보다 힘과 용감함에서 훨씬 더 앞선다고 우기기 시작했죠,5,,3029,2
그들이 한참 다투는데 때마침 돌로 된 조각상 앞을 지나가게 되었어요,5,,3029,3
그 조각상엔 다음과 같이 글씨가 새겨져 있었어요,5,,3029,4
*맨손으로 사자를 때려잡은 사*,5,1,3029,5
그러자 사람이 조각상을 손으로 가리키며 말했어요,5,,3029,6
"*봤지! 봤지! 누가 더 힘이 센지, 우리 인간들이 너희 동물의 왕들보다 훨씬 더 우월하단 증거라고*",2,1,3029,7
사자가 기가 차하며 말대꾸했어요,2,,3029,8
*조각상을 사람이 만든 거니까 그렇지,2,1,3029,9
" 사자들이 조각상을 만드는 법을 알았더라면, 온천지에 사자 발톱 아래 붙잡혀 있는 사람들의 조각상으로 넘쳐났을 걸*",2,1,3029,10
"한쪽 얘기만 들어봐선 안 되요, 상대방 말도 들어봐야 한답니다",5,,3029,11
 농부와 학들몇몇 학들이 일부 땅에 자신들의 경작지를 만들고 밀 씨를 새로 뿌렸어요,5,,3030,1
한참 후 농부가 고무줄 새총을 휘두르며 나타나더니 학들에게 공포감을 줘 죄다 쫓아내버렸어요,2,,3030,2
하지만 곧 새들은 그 고무줄 새총이 그냥 빈 새총이며 허공에서 흔들릴 뿐이란 사실을 알게 되었지요,2,,3030,3
학들은 이제 고무줄 새총 따위엔 꿈쩍도 안하고 달아나지도 않게 되었어요,2,,3030,4
이걸 본 농부는 고무줄 새총에 돌들을 재더니 수많은 학들을 정말로 죽였어요,3,,3030,5
그 즉시 남은 새들이 자신의 땅을 포기하고 날아오르며 서로 외쳐댔어요,3,,3030,6
*이제 난쟁이 나라로라도 가야할 때가 왔어,5,1,3030,7
" 저 사람이 우리를 그냥 겁주는 것에 만족해하지 않고, 이제 정말로 자신이 무얼 할 수 있는가를 보이기 시작했으니까*",5,1,3030,8
말이 통하지 않으면 실력을 보여줘야 할 때도 있는 법이죠,5,,3030,9
개 한 마리가 ‘여물통’에 드러누워 있었어요,5,,3031,1
"그 여물통은 소들보고 여물을 먹으라고 둔 것인데, 개는 으르렁거리며 덥석덥석 물면서 어느 소도 건초을 못 먹게 막고 있었어요",2,,3031,2
*참 이기적인 녀석이네*,2,1,3031,3
라며 보다 못한 소 한 마리가 자기 친구들보고 말했어요,2,,3031,4
"*제가 못 먹는다고, 먹을 수 있는 남들까지 못 먹게 하다니*",2,1,3031,5
하루는 여우가 깊은 우물 속에 빠지고 말았어요,2,,3032,1
 그런데 도무지 빠져나갈 방법이 없지 뭐예요,2,,3032,2
그때 목이 마르던 염소가 우연히도 그 우물에 왔다 여우를 보곤 물었어요,5,,3032,3
*물 맛 좋니*,5,1,3032,4
자신의 난처한 상황을 숨기고서 여우는 아주 쾌활한 듯 말했어요,5,,3032,5
*응 꿀맛이야,5,1,3032,6
 정말 이루 말로 다 표현할 수가 없을 정도야,5,1,3032,7
 너도 내려와 마셔봐*,5,1,3032,8
오직 목마름을 풀 생각뿐이었던 염소는 아무 것도 생각하지 않고 그냥 뛰어내려 벌컥벌컥 물을 마셨어요,5,,3032,9
그런 다음 여우는 ,5,,3032,10
*우리 둘 다 어려움에 처하게 되었으니 여길 빠져나갈 방법을 같이 생각해보자*,5,1,3032,11
고 말했지요,0,,3032,12
곧 여우가 말했어요,0,,3032,13
"*만약 말이야, 네 앞발을 벽에 기대고 고개를 숙인다면, 내가 내 등을 타고 올라가 위로 갈 수 있을 거야, 그럼 내가 널 꺼내줄게*",2,1,3032,14
"염소도 선 듯 동의했고, 여우는 잽싸게 염소의 등을 밟고 올라가선 염소의 뿔을 디디고 올라 기여이 우물에서 나올 수 있었어요",2,,3032,15
그 즉시 여우가 재빨리 달아나려했답니다,2,,3032,16
염소가 ,2,,3032,17
*왜 약속을 깨니*,2,1,3032,18
라며 비난하고 나섰어요,2,,3032,19
그랬더니 여우가 고개를 염소에게로 돌리더니 소리쳤지요,2,,3032,20
"*이 바보 멍청아! 네 수염 털의 개수만큼이라도 네 머릿속에 두뇌가 있었더라면, 한번 들어가면 다신 못 빠져나오는 그런 곳에 스스로 들어가는 그런 일은 처음부터 없었을 거 아냐",2,1,3032,21
 이건 네 탓이라고*,2,1,3032,22
"아셨죠, 돌다리도 두드려 보고 건너세요",5,,3032,23
